Area,N,P,K,EC,pH,Soil type,Temperature,Rainfall,Crop
Anamalai,148.41,12.63,470.6,0.27,6.97,Anamalai Series,24,750,Banana
Periyapothu,159.66,13.96,513.38,0.18,6.93,Anamalai Series,27,705,Banana
A.Mettupalayam,187.52,11.35,672.23,0.45,7.56,Peelamedu Series,24,670,Banana
A.Sengappalli,178.74,12.58,537.35,0.33,7.53,Peelamedu Series,22,678,Banana
Allapalayam,183.08,13.71,568.3,0.77,7.53,Peelamedu Series,27,689,Banana
Ambothi,171.08,12.94,711.08,0.27,7.23,Peelamedu Series,24,689,Banana
Annur,183.59,13.46,519.02,0.4,7.4,Irugur Series,15,687,Banana
Kanjapalli,162.36,12.79,578.86,0.18,7.01,Peelamedu Series,19,724,Banana
Kanuvakkarai,174,13.78,487.16,0.29,7.59,Peelamedu Series,17,726,Banana
Karegoundenplm,169.83,13.66,720.14,0.36,7.25,Peelamedu Series,20,665,Banana
Kariampalayam,169.71,12.1,511.32,0.21,7.56,Peelamedu Series,25,650,Banana
Kunnathur,183.22,13.8,625.83,0.44,7.57,Peelamedu Series,18,668,Banana
Kuppanur,192.83,13.45,507.8,0.44,7.69,Irugur Series,16,675,Banana
Kuppepalayam,196.57,13.69,518.38,0.44,7.15,Peelamedu Series,22,690,Banana
Kuppepalayam,196.57,13.69,518.38,0.44,7.15,Peelamedu Series,35,675,Banana
M.G.C.Palayam,179.46,12.74,586.48,0.25,7.15,Peelamedu Series,32,735,Banana
Naranapuram,182.12,12.49,472.92,0.32,7.28,Peelamedu Series,33,748,Banana
Odderpalayam,174.32,11.45,572.72,0.15,7.29,Peelamedu Series,22,678,Banana
Pachapalayam,182.27,12.97,508.6,0.3,7.06,Peelamedu Series,18,715,Banana
Pasur,189.85,13.36,473.25,0.36,7.13,Peelamedu Series,27,710,Banana
Pogalur,169.82,13.79,468.29,0.33,7.17,Peelamedu Series,21,658,Banana
Vadakkalur,160.01,11.5,467.11,0.17,7.35,Peelamedu Series,25,695,Banana
Vadavalli,192.7,11.46,539.08,0.28,7.11,Peelamedu Series,17,693,Banana
Bellathi,188.5,13.57,564.45,0.41,7.4,Irugur Series,32,745,Banana
Bellapalayam,185.51,13.89,677.46,0.42,7.29,Irugur Series,35,688,Banana
Chikkadasampalayam,188.98,13.02,587.83,0.21,7.34,Irugur Series,17,674,Banana
Chikkarampalayam,181.36,12.96,635.27,0.41,7.4,Irugur Series,21,710,Banana
Chinnakallipatti,175.47,11.78,536.21,0.37,7.29,Irugur Series,18,682,Banana
Illuppanantham,168.61,12.68,549.64,0.17,7.23,Irugur Series,16,695,Banana
Irumborai,154.95,13.01,599.92,0.28,7.38,Irugur Series,20,744,Banana
Jadayampalayam,181.57,13.47,557.21,0.2,7.25,Irugur Series,32,653,Banana
Kalampalayam,157.41,12.09,598.56,0.31,7.2,Irugur Series,20,740,Banana
Kemmarampalayam,188.99,12.47,606.69,0.41,7.27,Irugur Series,27,655,Banana
Maradur,154.36,13.49,781.29,0.41,7.64,Irugur Series,25,730,Banana
Mooduthurai,2154.95,12.59,627.82,0.27,7.29,Irugur Series,21,742,Banana
Odanthurai,188.3,13.19,632.84,0.19,7.47,Irugur Series,28,654,Banana
Sirumugai,184.8,12.05,745.9,0.41,7.44,Irugur Series,24,742,Banana
Thekkampatti,172.21,12.4,645.03,0.26,7.49,Irugur Series,34,665,Banana
Tholampalayam,188.01,13.39,639.36,0.34,7.61,Irugur Series,20,684,Banana
Velliangadu,174.49,12.76,440.98,0.09,6.92,Irugur Series,18,742,Banana
Andipalayam,164.99,12.22,565.44,0.12,6.95,Anamalai Series,25,746,Banana
Chettiakkapalayam,149.45,12.41,547.24,0.12,6.91,Palladam Series,26,682,Banana
Kodangipalayam,169.18,13.05,733.59,0.34,7.03,Irugur Series,26,742,Banana
Kondampatty,161.47,12.19,660.15,0.16,7.24,Irugur Series,15,742,Banana
Kurunellipalayam,178.97,11.24,659.17,0.28,7.21,Irugur Series,20,655,Banana
Vadasithur,175.59,13.55,753.6,0.28,7.02,Irugur Series,24,682,Banana
Arisipalayam,1985.04,13.74,593.12,0.25,7.05,Peelamedu Series,26,655,Banana
Chettipalayam,161.5,12.48,671.38,0.24,7.2,Peelamedu Series,27,725,Banana
Ettimadai,174.7,13.53,728.8,0.48,7.28,Peelamedu Series,26,742,Banana
Mavuthampothy,171.11,13.26,515.17,0.27,7.12,Peelamedu Series,16,682,Banana
Thirumalaiyampalayam,169.71,12.99,689.06,0.18,7.36,Peelamedu Series,27,712,Banana
Vazhukuparai,158.83,13.19,624.36,0.22,7.44,Peelamedu Series,28,666,Banana
Anupar Palayam,158.56,13.21,648.14,0.37,7.44,Somaiyanur Series,32,655,Banana
Bilichi East,185.4,12.97,651.4,0.33,7.45,Somaiyanur Series,33,656,Banana
Bilichi West,151.77,13.47,442.58,0.26,7.2,Palathurai Series,17,653,Banana
Gudalur North,188.9,13.15,594.86,0.36,7.46,Somaiyanur Series,25,742,Banana
Gudalur South,180.2,12.45,576.12,0.34,7.16,Somaiyanur Series,30,682,Banana
Karudampalayam,183.62,13.72,556.47,0.41,7.06,Somaiyanur Series,20,655,Banana
Naickenpalayam,189.69,13.15,687.03,0.34,7.22,Somaiyanur Series,16,725,Banana
Kondegoundenpalayam,189.45,13.25,697.72,0.27,7.19,Dasarapatti Series,27,653,Banana
Kulathur,160.07,13.3,795.43,0.43,7.14,Irugur Series,25,726,Banana
Puliyampatti,175.45,12.2,613.95,0.39,7.5,Irugur Series,28,682,Banana
R. Ponnapuram,171.54,13.77,502.79,0.29,7.37,Irugur Series,25,688,Banana
Kolarpatti,167.92,12.16,494.09,0.29,7.24,Irugur Series,25,653,Banana
Sinjuvadi,185.2,13.42,721.08,0.37,7.48,Palladam Series,35,744,Banana
A.S Kulam,177.89,13.11,658.35,0.37,7.49,Palathurai Series,28,655,Banana
Chinnavedampatti,151.63,12.08,725.84,0.26,7.31,Palathurai Series,17,684,Banana
Idikarai,139.93,12.88,707.06,0.31,7.35,Palathurai Series,28,722,Banana
Kalapatti,175.83,12.21,535.45,0.24,7.19,Palathurai Series,33,754,Banana
Keeranatham,184.86,13.34,480.91,0.31,7.11,Palathurai Series,25,660,Banana
Kondayampalayam,176.2,13.04,689.93,0.31,7.44,Palathurai Series,26,653,Banana
Saravanampatti,162.45,12.81,627.68,0.4,7.18,Palathurai Series,33,742,Banana
Sarkarsamaklam,161.27,12.63,677.12,0.56,7.24,Palathurai Series,18,721,Banana
Vallamadai,195.41,13.07,667.37,0.36,7.36,Palathurai Series,28,652,Banana
Vellankurichi,156.75,13.67,680.79,0.16,7.37,Palathurai Series,18,682,Banana
Appanaickenpatti,182.4,12.44,769.54,0.39,7.28,Palladam Series,26,655,Banana
Bogampatti,187.56,12.76,708.17,0.36,7.32,Palladam Series,34,715,Banana
Edayarpalayam,174.64,13.55,734.9,0.36,6.8,Palladam Series,24,705,Banana
J. Krishnapuram,164.02,12.93,658.09,0.36,6.87,Palladam Series,15,720,Banana
Kumarapalayam,160.49,13.18,572.09,0.24,6.89,Palladam Series,35,690,Banana
Malaipalayam,190.91,13.75,537.54,0.27,7.02,Palladam Series,20,694,Banana
Pappampatti,180.39,12.73,1118.2,0.23,6.8,Palladam Series,23,695,Banana
Poorandampalayam,174.79,13.09,775.69,0.38,7.08,Palladam Series,25,653,Banana
S. Ayyampalayam,159.47,13.15,775.44,0.22,7.01,Palladam Series,34,682,Banana
Selekkarichal,188,12.89,510.88,0.23,6.88,Palladam Series,15,742,Banana
Senjeriputhur,155.77,13,558.3,0.41,7.05,Palladam Series,30,654,Banana
Thalakkarai,175.16,12.96,691.08,0.22,7.31,Palladam Series,21,716,Banana
Vadavedampatti,184.32,12.85,649.58,0.3,7.35,Palladam Series,29,724,Banana
Arasur,189.37,13.89,519.87,0.31,7.47,Peelamedu Series,20,655,Banana
K.Madappur,188.56,13.58,546.8,0.23,7.01,Peelamedu Series,20,744,Banana
Kaduvettipalayam,170.15,13.24,650.81,0.29,7.1,Peelamedu Series,19,732,Banana
Kalangal,170.9,11.44,525.97,0.34,7.05,Peelamedu Series,33,682,Banana
Pathuvampalli,151.71,13.01,666.29,0.18,7.36,Peelamedu Series,32,695,Banana
Rasipalayam,160.76,12.51,538.61,0.35,7.21,Peelamedu Series,22,666,Banana
Sulur,186.87,11.09,724.4,0.25,7.05,Peelamedu Series,28,742,Banana
Alandurai,172.78,12.99,689.97,0.26,7.26,Somaiyanur Series,18,653,Banana
Ikkaraibooluvampatti,197.77,12.07,702.91,0.25,7.36,Somaiyanur Series,30,714,Banana
Kalikanaikenpalayam,188.84,12.84,585.92,0.31,7.27,Somaiyanur Series,19,677,Banana
Perur,162.17,12.81,706.09,0.4,7.31,Somaiyanur Series,31,698,Banana
Perur Chettipalayam,183.42,13.76,721.42,0.31,7.19,Somaiyanur Series,15,742,Banana
Pooluvapatti,184.27,12.51,740.41,0.29,7.33,Somaiyanur Series,35,655,Banana
Ramanathapuram,190.95,13.21,734.22,0.32,7.48,Somaiyanur Series,26,682,Banana
Theethipalayam,183.53,12.42,608.19,0.34,7.34,Somaiyanur Series,24,653,Banana
Kumarapalayam,176.94,12.85,668.98,0.27,7.43,Somaiyanur Series,15,742,Banana
Kallipalayam,174.65,11.31,708.56,0.17,7.06,Palathurai Series,28,653,Banana
Periakalandai,172.58,21.47,640.28,0.42,7.92,Palladam Series,24,400,Bengalgram
Kondayampalayam,176.2,19.04,689.93,0.51,7.88,Peelamedu Series,21,600,Bengalgram
Sarkarsamaklam,205.27,19.63,873.25,0.56,7.84,Peelamedu Series,25,425,Bengalgram
Appanaickenpatti,182.4,21.44,769.54,0.49,7.88,Dasarapatti Series,20,468,Bengalgram
Bogampatti,187.56,21.76,708.17,0.46,8.18,Dasarapatti Series,20,470,Bengalgram
Edayarpalayam,174.64,19.55,823.12,0.46,7.82,Dasarapatti Series,20,488,Bengalgram
Kallapalayam,203.62,21.17,870.03,0.48,7.67,Dasarapatti Series,20,548,Bengalgram
Kammalapatti,203.83,20.79,848.78,0.42,8.05,Dasarapatti Series,20,566,Bengalgram
Kumarapalayam,160.49,20.18,672.09,0.42,7.89,Dasarapatti Series,21,465,Bengalgram
Malaipalayam,190.91,20.75,837.92,0.47,8.02,Dasarapatti Series,22,477,Bengalgram
Pachapalayam,202.03,20.15,727.98,0.47,7.52,Dasarapatti Series,24,598,Bengalgram
Pappampatti,201.39,20.73,718.23,0.53,7.82,Dasarapatti Series,25,495,Bengalgram
Poorandampalayam,204.79,21.09,775.69,0.48,8.08,Dasarapatti Series,22,595,Bengalgram
S. Ayyampalayam,159.47,21.15,775.44,0.42,8.01,Dasarapatti Series,22,556,Bengalgram
Selekkarichal,202,21.89,786.35,0.53,7.88,Dasarapatti Series,24,465,Bengalgram
Senjeriputhur,185.77,19,673.12,0.41,8.05,Dasarapatti Series,20,555,Bengalgram
Irugur,170.1,19.17,856.45,0.43,7.94,Dasarapatti Series,24,568,Bengalgram
Kadampadi,175.26,19.09,640.58,0.6,8,Dasarapatti Series,25,441,Bengalgram
Kaniyur,178.36,19.13,631.08,0.49,7.83,Dasarapatti Series,23,595,Bengalgram
Nellambur,201.22,19.37,698.31,0.53,8.03,Dasarapatti Series,25,444,Bengalgram
Ettimadai,204.7,18.53,728.8,0.48,7.98,Palathurai Series,20,565,Bengalgram
NSN Palayam,187.58,18.18,749.45,0.41,7.98,Palathurai Series,20,420,Bengalgram
Idikarai,199.93,20.88,807.76,0.61,7.75,Peelamedu Series,21,585,Bengalgram
M.G.C.Palayam,179.46,14.74,586.48,0.25,7.38,Vellalur Series,26,930,Bhendi
Naranapuram,212.12,14.49,426.92,0.24,7.49,Vellalur Series,25,926,Bhendi
Pachapalayam,202.27,12.97,508.6,0.3,7.76,Vellalur Series,24,937,Bhendi
Maradur,214.36,13.24,581.29,0.15,7.64,Palathurai Series,24,936,Bhendi
Arisipalayam,195.04,13.74,593.12,0.25,7.55,Palathurai Series,27,938,Bhendi
Chettipalayam,181.5,15.12,571.38,0.24,7.4,Palathurai Series,27,991,Bhendi
Ettimadai,214.7,12.96,628.8,0.18,7.86,Palathurai Series,26,906,Bhendi
Mavuthampothy,181.11,14.26,515.17,0.27,7.39,Palathurai Series,26,900,Bhendi
Nallathukuli,212.19,14.41,491.56,0.3,7.57,Irugur Series,27,924,Bhendi
Kalapatti,180.83,13.21,635.45,0.32,7.69,Peelamedu Series,26,919,Bhendi
Arasur,189.37,13.89,519.87,0.31,7.47,Dasarapatti Series,27,991,Bhendi
Irugur,189.1,13.17,546.03,0.23,7.84,Dasarapatti Series,26,933,Bhendi
K.Madappur,188.56,13.58,546.8,0.33,7.63,Dasarapatti Series,25,984,Bhendi
Alandurai,179.34,15.22,669.97,0.26,7.66,Somaiyanur Series,26,942,Bhendi
Ikkaraibooluvampatti,197.77,14.07,602.91,0.25,7.56,Somaiyanur Series,27,918,Bhendi
Narasipuram,227.78,12.83,554.71,0.34,7.69,Somaiyanur Series,24,934,Bhendi
Perur Chettipalayam,223.42,13.76,461.42,0.31,7.81,Somaiyanur Series,27,982,Bhendi
M.G.C.Palayam,179.46,14.74,586.48,0.45,7.65,Vellalur Series,21,723,Brinjal
Pasur,189.85,13.36,589.35,0.59,7.43,Vellalur Series,20,623,Brinjal
Pilliappampalayam,210.42,14.28,672.34,0.6,7.49,Vellalur Series,21,633,Brinjal
Arisipalayam,195.04,14.74,593.12,0.55,7.78,Pichanur Series,17,797,Brinjal
Chettipalayam,170.5,15.48,671.38,0.39,7.7,Pichanur Series,20,729,Brinjal
Ettimadai,214.7,15.53,728.8,0.48,7.82,Pichanur Series,15,721,Brinjal
Madukkarai,180.21,13.75,766.99,0.51,7.48,Pichanur Series,15,751,Brinjal
Ottakkal Mandabam,203.94,13.04,789.89,0.63,7.42,Pichanur Series,19,876,Brinjal
Palathurai,209.33,14.33,627.7,0.42,7.57,Pichanur Series,16,888,Brinjal
Kolarpatti,169.92,14.16,694.04,0.59,7.64,Irugur Series,16,717,Brinjal
Sinjuvadi,185.2,13.42,721.08,0.39,7.48,Palladam Series,17,970,Brinjal
Kalapatti,185.83,13.01,781.98,0.61,7.69,Palathurai Series,20,920,Brinjal
Kondayampalayam,176.2,15.09,689.93,0.51,7.44,Palathurai Series,20,837,Brinjal
Sarkarsamaklam,193.27,12.89,677.13,0.56,7.84,Palathurai Series,19,957,Brinjal
Vallamadai,195.41,14.07,667.37,0.53,7.83,Palathurai Series,19,926,Brinjal
Chinnavedampatti,218.63,14.08,725.84,0.48,7.37,Palathurai Series,20,633,Brinjal
Vettakaranpudur,225.81,14.23,835,0.49,7.47,Irugur Series,28,543,Blackgram
Madukkarai,200.21,14.75,866.99,0.31,7.48,Palathurai Series,29,500,Blackgram
Malumichampati,214.5,15.06,852.26,0.39,7.63,Palathurai Series,27,800,Blackgram
Mavuthampothy,231.11,14.46,815.17,0.37,7.52,Palathurai Series,30,525,Blackgram
Nachipalayam,237.63,14.6,809.93,0.42,7.58,Palathurai Series,29,536,Blackgram
Seerapalayam,210.24,15.84,822.51,0.35,7.57,Palathurai Series,30,675,Blackgram
Manur,216.95,14.46,876.98,0.43,7.53,Irugur Series,29,640,Blackgram
Poosaripatti,200.27,15.69,894.54,0.4,7.61,Irugur Series,28,758,Blackgram
Arasur,199.37,14.89,819.87,0.31,7.47,Dasarapatti Series,30,602,Blackgram
Irugur,250.1,15.17,846.03,0.32,7.46,Dasarapatti Series,28,600,Blackgram
K.Madappur,218.56,15.58,846.8,0.37,7.5,Dasarapatti Series,30,785,Blackgram
Alandurai,242.78,15.99,889.97,0.36,7.6,Somaiyanur Series,27,745,Blackgram
Devarayapuram,208.35,14.84,805.75,0.39,7.62,Somaiyanur Series,29,690,Blackgram
Ikkaraibooluvampatti,227.77,14.67,802.91,0.35,7.56,Somaiyanur Series,30,550,Blackgram
Kalikanaikenpalayam,218.84,14.84,885.92,0.31,7.62,Somaiyanur Series,29,540,Blackgram
Narasipuram,227.78,14.83,854.71,0.34,7.59,Somaiyanur Series,27,765,Blackgram
Perur,262.17,15.81,796.09,0.44,7.53,Somaiyanur Series,30,780,Blackgram
Pooluvapatti,214.27,15.51,860.41,0.39,7.63,Somaiyanur Series,30,564,Blackgram
Theethipalayam,203.53,15.42,808.19,0.34,7.54,Somaiyanur Series,30,746,Blackgram
Arisipalayam,195.04,14.74,793.12,0.35,7.55,Palathurai Series,28,568,Blackgram
Chettipalayam,211.5,15.48,871.38,0.34,7.54,Palathurai Series,27,600,Blackgram
Ettimadai,214.7,16.03,828.8,0.42,7.58,Palathurai Series,28,625,Blackgram
Chinnavedampatti,251.63,14.88,825.84,0.36,7.51,Peelamedu Series,30,800,Blackgram
A.Mettupalayam,184.89,15.13,448.67,0.18,6.58,Irugur Series,23,713,Onion
Kanjapalli,198.41,14.63,470.6,0.27,6.97,Vellalur Series,20,748,Onion
Chandrapuram,186.96,14.23,512.23,0.29,7.17,Irugur Series,24,665,Onion
Thippampatti,197.26,14.38,645.27,0.45,7.17,Palladam Series,25,713,Onion
Arasur,197.26,14.37,647.27,0.45,7.17,Irugur Series,23,736,Onion
Irugur,161.5,15.48,371.38,0.24,7.2,Irugur Series,21,697,Onion
K.Madappur,161.5,15.48,371.38,0.24,7.2,Irugur Series,22,716,Onion
Kaduvettipalayam,161.5,15.48,371.38,0.24,7.2,Irugur Series,24,657,Onion
Kalangal,170.1,13.17,346.03,0.23,7.24,Irugur Series,23,658,Onion
Kaniyur,170.1,13.17,346.03,0.23,7.24,Irugur Series,21,688,Onion
Kannampalayam,170.1,13.17,346.03,0.23,7.24,Irugur Series,25,719,Onion
Peedampalli,197.04,14.52,679.49,0.29,7.33,Irugur Series,25,724,Onion
Semmandampalayam,185.31,14.57,546.31,0.27,7.51,Irugur Series,20,721,Onion
Alandurai,197.77,14.07,602.91,0.25,7.56,Palathurai Series,21,715,Onion
Devarayapuram,184.27,15.51,679.41,0.29,7.63,Palathurai Series,23,669,Onion
Ikkaraibooluvampatti,184.27,15.51,660.41,0.29,7.63,Palathurai Series,23,658,Onion
Madampatti,184.27,15.51,660.41,0.29,7.63,Palathurai Series,21,692,Onion
Madavarayapuram,197.78,14.83,664.71,0.34,7.69,Palathurai Series,23,725,Onion
Narasipuram,197.78,12.83,654.71,0.34,7.69,Palathurai Series,21,654,Onion
Pooluvapatti,197.78,12.83,664.71,0.34,7.69,Palathurai Series,20,679,Onion
Thennamanallur,198.78,12.83,674.71,0.34,7.69,Palathurai Series,21,712,Onion
Vendapatti,198.35,13.84,675.75,0.39,7.69,Palathurai Series,21,676,Onion
Vellimalaipattinam,198.35,13.84,675.75,0.39,7.69,Palathurai Series,24,723,Onion
Annur,198.35,13.84,675.75,0.39,7.69,Irugur Series,22,724,Onion
Chinnanegamam,181.59,15.46,619.02,0.43,7.69,Palladam Series,23,658,Onion
Gomangalampudur,181.56,15.76,619.02,0.43,7.69,Dasarapatti Series,25,704,Onion
Gomangalam,183.36,15.79,578.86,0.22,7.71,Dasarapatti Series,21,712,Onion
Anamalai,185.55,14.56,519.35,0.25,7.71,Anamalai Series,30,1428,Paddy
Jallipatti,172.89,13.59,619.94,0.48,7.71,Anamalai Series,31,1500,Paddy
Kaliapuram,172.85,13.59,649.94,0.48,7.71,Anamalai Series,30,1730,Paddy
Kottur,195.71,14.23,635,0.49,7.71,Anamalai Series,30,1328,Paddy
Odayakulam,196.81,14.23,635,0.49,7.71,Anamalai Series,31,1550,Paddy
Thensangampalayam,198.47,14.6,644.98,0.28,7.72,Anamalai Series,32,2298,Paddy
Vettakaranpudur,183.23,13.42,676.65,0.43,7.72,Anamalai Series,30,1560,Paddy
Gudalur South,183.22,13.43,679.65,0.46,7.72,Palathurai Series,30,3482,Paddy
Moppripalayam,178.41,13.77,514.01,0.25,7.73,Irugur Series,31,1245,Paddy
Alandurai,178.93,14.08,673.6,0.25,7.73,Palathurai Series,30,2028,Paddy
Ikkaraibooluvampatti,177.27,15.51,650.41,0.29,7.73,Palathurai Series,32,2828,Paddy
Madavarayapuram,179.1,14.1,603.61,0.41,7.73,Palathurai Series,31,4207,Paddy
Narasipuram,179.15,14.12,638.61,0.43,7.73,Palathurai Series,30,3802,Paddy
Kumarapalayam,178.36,14.13,613.45,0.46,7.73,Palathurai Series,30,1012,Paddy
Anamalai,178.26,14.16,663.45,0.47,7.73,Anamalai Series,30,1428,Paddy
Jallipatti,182.1,13.17,546.03,0.23,7.74,Anamalai Series,31,1500,Paddy
Kaliapuram,183.96,14.23,639.67,0.43,7.74,Anamalai Series,30,1730,Paddy
Kottur,183.46,14.03,679.67,0.43,7.74,Anamalai Series,30,1328,Paddy
Odayakulam,170.9,13.44,615.97,0.47,7.75,Anamalai Series,31,1550,Paddy
Thensangampalayam,170.93,13.44,675.97,0.47,7.75,Anamalai Series,32,2298,Paddy
Vettakaranpudur,197.77,14.07,602.91,0.25,7.76,Anamalai Series,30,1560,Paddy
Gudalur South,172.78,15.99,679.97,0.26,7.76,Palathurai Series,30,3482,Paddy
Moppripalayam,171.74,13.73,601.85,0.41,7.76,Irugur Series,31,1245,Paddy
Alandurai,171.76,13.83,661.85,0.44,7.76,Palathurai Series,30,2028,Paddy
Ikkaraibooluvampatti,171.92,14.31,640.2,0.43,7.76,Palathurai Series,32,2828,Paddy
Madavarayapuram,171.32,14.01,650.2,0.43,7.76,Palathurai Series,31,4207,Paddy
Narasipuram,197.32,14.45,664.23,0.45,7.76,Palathurai Series,30,3802,Paddy
Kumarapalayam,197.52,14.35,675.23,0.45,7.76,Palathurai Series,30,1012,Paddy
Chettipalayam,183.56,13.58,615.8,0.49,7.86,Palathurai Series,28,1379,Redgram
Mavuthampothy,183.63,13.58,635.8,0.49,7.86,Palathurai Series,28,784,Redgram
Gudalur South,196.47,14.6,644.98,0.28,7.87,Palathurai Series,27,1074,Redgram
Irugur,182.37,13.89,519.87,0.31,7.87,Peelamedu series,29,1242,Redgram
Devarayapuram,172.4,15.31,558.21,0.27,7.88,Palathurai series,30,1050,Redgram
Narasipuram,170.15,13.24,650.81,0.29,7.88,Palathurai series,29,605,Redgram
Pooluvapatti,180.89,13.1,665.57,0.29,7.88,Palathurai series,27,723,Redgram
Arisipalayam,194.98,15.03,679,0.29,7.89,Palathurai Series,26,966,Redgram
Ettimadai,183.78,14.83,675.71,0.34,7.89,Palathurai Series,30,843,Redgram
Chinnathadagam,182.35,13.84,607.75,0.4,7.89,Palathurai Series,28,668,Redgram
NSN Palayam,182.32,13.84,677.75,0.4,7.89,Palathurai Series,30,1065,Redgram
Chettipalayam,186.94,15.85,667.98,0.27,7.83,Palathurai Series,28,1379,Redgram
Mavuthampothy,197.78,15.99,679.97,0.26,7.86,Palathurai Series,28,784,Redgram
Gudalur South,194.7,15.53,698.8,0.48,7.88,Palathurai Series,27,1074,Redgram
Irugur,194.7,15.53,668.8,0.48,7.88,Peelamedu series,29,1242,Redgram
Devarayapuram,194.7,15.53,688.8,0.48,7.98,Palathurai series,30,1050,Redgram
Narasipuram,186.59,15.22,637.56,0.34,7.83,Palathurai series,29,605,Redgram
Pooluvapatti,195.04,15.74,593.12,0.25,7.85,Palathurai series,27,723,Redgram
Arisipalayam,195.04,15.74,593.12,0.25,7.85,Palathurai Series,26,966,Redgram
Ettimadai,195.04,15.74,593.12,0.25,7.85,Palathurai Series,30,843,Redgram
Chinnathadagam,196.38,12.03,578.31,0.46,7.78,Palathurai Series,28,668,Redgram
NSN Palayam,199.38,12.03,578.31,0.46,7.98,Palathurai Series,30,1065,Redgram
Chettipalayam,199.38,12.03,578.31,0.46,7.88,Palathurai Series,28,1379,Redgram
Mavuthampothy,171.11,15.26,515.17,0.27,7.82,Palathurai Series,28,784,Redgram
Gudalur South,171.11,15.26,515.17,0.27,7.83,Palathurai Series,27,1074,Redgram
Irugur,171.11,15.26,515.17,0.27,7.82,Peelamedu series,29,1242,Redgram
Devarayapuram,196.58,15.18,698.45,0.45,7.85,Palathurai series,30,1050,Redgram
Narasipuram,197.58,15.18,679.45,0.44,7.86,Palathurai series,29,605,Redgram
Pooluvapatti,196.58,15.18,679.45,0.44,7.85,Palathurai series,27,723,Redgram
Arisipalayam,180.2,15.45,576.12,0.34,7.86,Palathurai Series,26,966,Redgram
Ettimadai,180.2,15.45,576.12,0.34,7.85,Palathurai Series,30,843,Redgram
Chinnathadagam,180.2,15.45,576.12,0.34,7.86,Palathurai Series,28,668,Redgram
NSN Palayam,180.2,15.45,576.12,0.34,7.86,Palathurai Series,30,1065,Redgram
Anamalai,267,12.14,507.8,0.34,7.57,Anamalai Series,32,2700,Sugarcane
Pethanaickenur,295.72,12.68,577.84,0.4,7.57,Anamalai Series,33,2500,Sugarcane
Somandurai,287.43,12.84,523.72,0.37,7.59,Anamalai Series,33,2600,Sugarcane
Kanjapalli,284.42,14.28,672.34,0.45,7.59,Peelamedu Series,35,2764,Sugarcane
Karegoundenplm,287.89,13.11,658.35,0.47,7.59,Peelamedu Series,35,2676,Sugarcane
Kariampalayam,262.7,14.46,453.08,0.38,7.51,Peelamedu Series,35,2714,Sugarcane
Kunnathur,259.71,14.1,511.32,0.34,7.56,Peelamedu Series,35,2632,Sugarcane
Kuppanur,263.22,14.8,625.83,0.44,7.57,Peelamedu Series,33,2508,Sugarcane
Kuppepalayam,271.77,13.47,442.58,0.36,7.62,Peelamedu Series,35,2542,Sugarcane
M.G.C.Palayam,254.27,14.54,760.41,0.39,7.63,Peelamedu Series,32,2977,Sugarcane
Odderpalayam,265.88,14.67,671.08,0.39,7.65,Peelamedu Series,32,2609,Sugarcane
Pilliappampalayam,262.83,14.45,507.8,0.44,7.69,Peelamedu Series,34,2838,Sugarcane
Pogalur,269.82,14.79,468.29,0.33,7.7,Peelamedu Series,33,2563,Sugarcane
Vadavalli,265.4,12.97,651.4,0.33,7.75,Peelamedu Series,34,2591,Sugarcane
Bellapalayam,269.83,13.66,720.14,0.36,7.75,Irugur Series,35,2985,Sugarcane
Karamadai,256.74,13.73,701.85,0.37,7.76,Irugur Series,34,2995,Sugarcane
Uppilipalayam,265.51,14.89,767.46,0.48,7.79,Peelamedu Series,32,2604,Sugarcane
Gudalur North,273.59,14.46,519.02,0.4,7.84,Somaiyanur Series,32,2925,Sugarcane
Gudalur South,274.32,14.45,472.72,0.35,7.89,Somaiyanur Series,33,2823,Sugarcane
Kavundampalayam,276.94,12.85,758.98,0.37,7.93,Somaiyanur Series,34,2688,Sugarcane
Karudampalayam,268.2,12.79,528.37,0.39,7.93,Somaiyanur Series,33,2817,Sugarcane
Puliyakulam,273.37,13.24,577.32,0.31,7.94,Somaiyanur Series,35,2521,Sugarcane
Saravanampatti,288.9,13.15,594.86,0.36,7.96,Peelamedu Series,33,2945,Sugarcane
Nellambur,258.41,13.63,470.6,0.37,7.97,Irugur Series,35,2582,Sugarcane
Perur,280.95,13.21,734.22,0.39,7.98,Somaiyanur Series,35,2577,Sugarcane
Pooluvapatti,242.36,14.79,578.86,0.38,8.01,Somaiyanur Series,35,2698,Sugarcane
Ramanathapuram,281.22,14.37,598.87,0.33,8.03,Somaiyanur Series,34,2582,Sugarcane
Vendapatti,273.62,13.72,556.47,0.41,8.06,Somaiyanur Series,32,2966,Sugarcane
Kumarapalayam,262.45,14.81,627.68,0.46,8.12,Somaiyanur Series,35,2915,Sugarcane
Annur,299.46,14.74,586.48,0.35,8.15,Irugur Series,32,2541,Sugarcane
Chikkadasampalayam,257.58,14.18,749.45,0.41,8.15,Irugur Series,35,2636,Sugarcane
Bilichi East,286.57,13.69,518.38,0.44,8.15,Somaiyanur Series,34,2590,Sugarcane
Bilichi West,280.2,14.45,576.12,0.34,8.16,Somaiyanur Series,34,2682,Sugarcane
NSN Palayam,267.17,13.99,512.4,0.39,8.19,Somaiyanur Series,34,2863,Sugarcane
Pannimadai,262.17,12.81,796.09,0.44,8.31,Somaiyanur Series,32,2863,Sugarcane
A.S Kulam,288.98,13.02,587.83,0.33,8.34,Peelamedu Series,35,2793,Sugarcane
Annur,260.01,16.5,267.11,0.27,7.85,Irugur Series,28,1063,Tapioca
Kanjapalli,260.1,13.17,346.03,0.52,7.74,Vellalur Series,29,1454,Tapioca
Karegoundenplm,254.86,16.34,380.91,0.77,7.63,Vellalur Series,25,1275,Tapioca
Pasur,281.27,13.31,470.94,0.27,8,Vellalur Series,29,1161,Tapioca
Pilliappampalayam,289.85,13.36,473.25,1.26,7.23,Vellalur Series,26,1060,Tapioca
Vadakkalur,251.11,14.26,515.17,0.27,8.12,Vellalur Series,27,1294,Tapioca
Kakkadavu,263.59,14.46,519.02,0.24,7.5,Irugur Series,29,1008,Tapioca
Muthur,289.37,13.89,519.87,0.21,7.87,Irugur Series,25,1376,Tapioca
Nallattipalayam,288.56,13.58,546.8,0.77,8.01,Irugur Series,27,1328,Tapioca
Sankarayapuram,263.08,14.71,568.3,0.77,7.53,Irugur Series,25,1232,Tapioca
Mavuthampothy,262.36,16.79,578.86,0.78,8.01,Pichanur Series,27,1281,Tapioca
Devambadi,285.8,16.84,599.15,0.29,7.25,Palladam Series,25,1005,Tapioca
Vellalapalayam,258.56,16.21,648.14,0.77,7.64,Palladam Series,29,1533,Tapioca
Keeranatham,253.41,13.61,669.86,1.33,8.02,Palathurai Series,29,1482,Tapioca
Sarkarsamaklam,260.42,14.28,672.34,0.79,7.49,Palathurai Series,26,1037,Tapioca
Arasur,263.21,13.93,693.83,0.37,7.36,Irugur Series,26,1497,Tapioca
Irugur,289.58,14.4,702.79,0.36,8.3,Irugur Series,29,1384,Tapioca
K.Madappur,249.83,13.66,720.14,0.36,7.55,Irugur Series,26,1246,Tapioca
Allapalayam,264.7,16.53,728.8,0.58,7.58,Irugur Series,26,1552,Tapioca
Devarayapuram,265.2,15.19,751.65,0.33,7.53,Irugur Series,28,1458,Tapioca
Ettimadai,261.03,14.91,737.03,0.53,7.54,Pichanur Series,29,1368,Tapioca
Anupar Palayam,261.27,15.63,777.12,0.56,7.54,Pichanur Series,25,1584,Tapioca
A.Mettupalayam,182.21,13.15,629.13,0.43,7.56,Peelamedu Series,31,549,Cotton
A.Mettupalayam,185.59,13.35,672.23,0.45,7.66,Peelamedu Series,30,545,Cotton
M.G.C.Palayam,182.26,13.94,578.48,0.35,7.95,Peelamedu Series,27,636,Cotton
M.G.C.Palayam,179.46,14.74,586.48,0.3,8.15,Peelamedu Series,28,625,Cotton
Pasur,185.85,13.87,503.25,0.39,7.5,Peelamedu Series,28,690,Cotton
Pasur,189.85,13.36,513.25,0.36,7.53,Peelamedu Series,29,700,Cotton
Pottiyandiporambu,178.8,14.32,418.22,0.34,7.52,Irugur Series,27,524,Cotton
Pottiyandiporambu,175.8,14.22,421.12,0.31,7.53,Irugur Series,29,500,Cotton
Solavampalayam,180.78,14.3,432.37,0.43,7.49,Irugur Series,28,524,Cotton
Solavampalayam,181.87,14.1,438.17,0.43,7.59,Irugur Series,30,540,Cotton
Kallipalayam,185.23,14.01,612.91,0.42,8.02,Palathurai Series,29,619,Cotton
Kallipalayam,189.02,14.31,608.71,0.37,8.06,Palathurai Series,28,625,Cotton
Sarkarsamaklam,187.32,15.26,607.89,0.48,7.92,Palathurai Series,30,606,Cotton
Sarkarsamaklam,190.03,15.63,677.98,0.56,7.84,Palathurai Series,31,624,Cotton
K.Madappur,185.61,13.88,578.2,0.43,7.89,Peelamedu Series,29,548,Cotton
K.Madappur,188.56,13.58,546.8,0.43,8.01,Peelamedu Series,31,542,Cotton
Kittampalayam,175.72,13.41,674.56,0.42,7.98,Peelamedu Series,28,658,Cotton
Kittampalayam,176.83,13.11,694.45,0.32,8.05,Peelamedu Series,31,680,Cotton
Moppripalayam,183.92,15.13,607.67,0.32,8.01,Peelamedu Series,27,670,Cotton
Moppripalayam,190.59,15.22,637.56,0.34,8.03,Peelamedu Series,28,680,Cotton
Allapalayam,185.38,14.01,587.3,0.47,7.63,Peelamedu Series,30,575,Cotton
Allapalayam,188.23,13.71,568.3,0.45,7.53,Peelamedu Series,32,545,Cotton
Kanjapalli,179.46,15.29,582.76,0.38,7.87,Peelamedu Series,30,652,Cotton
Kanjapalli,172.36,15.69,578.86,0.28,8.01,Peelamedu Series,28,674,Cotton
Anupar Palayam,175.68,14.64,650.1,0.33,7.53,Palathurai Series,28,640,Cotton
Anupar Palayam,171.58,14.21,648.14,0.37,7.64,Palathurai Series,27,630,Cotton
A.S Kulam,173.94,13.75,643.54,0.39,7.89,Palathurai Series,31,616,Cotton
A.S Kulam,177.89,13.11,658.35,0.57,7.59,Palathurai Series,29,565,Cotton
Angalakuruchi,219.98,12.76,574.79,0.38,7.52,Irugur Series,25,600,Cowpea
Jallipatti,206.26,15.38,645.27,0.35,7.27,Irugur Series,27,560,Cowpea
Kambalapatti,198.04,14.53,686.72,0.21,7.39,Irugur Series,29,570,Cowpea
Karianchettipalayam,232.08,14.27,655.41,0.38,7.47,Irugur Series,26,510,Cowpea
Kottur,185.76,15.13,648.67,0.28,7.58,Irugur Series,25,565,Cowpea
Marchinaickanpalayam,221.23,14.11,718.83,0.31,7.49,Irugur Series,26,590,Cowpea
Odayakulam,213.04,13.52,697.49,0.29,7.33,Irugur Series,26,520,Cowpea
Periyapothu,189.66,13.96,613.38,0.27,7.23,Irugur Series,24,550,Cowpea
Pethanaickenur,195.72,12.68,577.84,0.4,7.47,Irugur Series,26,540,Cowpea
Pilchinnampalayam,209.11,12.07,574.88,0.28,7.21,Irugur Series,23,652,Cowpea
Somandurai,227.43,12.84,523.72,0.27,7.49,Irugur Series,25,489,Cowpea
Thencithur,206.31,14.39,584.96,0.4,7.34,Irugur Series,28,532,Cowpea
Thensangampalayam,185.31,14.57,546.31,0.27,7.51,Irugur Series,28,525,Cowpea
Vettakaranpudur,225.81,12.23,635,0.39,7.2,Irugur Series,25,498,Cowpea
Karegoundenplm,209.83,13.66,720.14,0.36,7.25,Vellalur Series,23,590,Cowpea
Naranapuram,212.12,14.49,522.92,0.42,7.28,Irugur Series,21,588,Cowpea
Odderpalayam,184.32,12.45,572.72,0.25,7.29,Irugur Series,26,552,Cowpea
Pogalur,189.01,14.79,568.29,0.33,7.6,Irugur Series,29,550,Cowpea
Vadakkalur,190.01,14.5,567.11,0.22,7.65,Irugur Series,20,456,Cowpea
Vadavalli,192.7,15.46,539.08,0.28,7.51,Irugur Series,29,525,Cowpea
Chikkadasampalayam,188.98,13.02,587.83,0.21,7.34,Irugur Series,20,530,Cowpea
Chikkarampalayam,231.1,15.96,735.27,0.45,7.4,Irugur Series,22,521,Cowpea
Jadayampalayam,181.57,13.47,557.21,0.2,7.25,Irugur Series,25,483,Cowpea
Kalampalayam,187.98,14.09,598.56,0.31,7.6,Irugur Series,26,558,Cowpea
Kemmarampalayam,198.99,12.47,506.69,0.43,7.27,Irugur Series,28,430,Cowpea
Maradur,224.36,14.49,781.29,0.35,7.64,Irugur Series,26,596,Cowpea
Mooduthurai,214.95,15.59,627.82,0.27,7.29,Irugur Series,22,572,Cowpea
Nellithurai,235.34,15.41,519.32,0.35,7.4,Irugur Series,24,551,Cowpea
Andipalayam,184.32,12.22,498.44,0.22,7.45,Irugur Series,20,447,Cowpea
Arasampalayam,232.15,15.59,562.86,0.32,7.49,Palladam Series,22,464,Cowpea
Chettiakkapalayam,199.04,14.41,647.24,0.21,7.31,Irugur Series,27,539,Cowpea
Govindapuram,188.09,12.19,590.17,0.28,7.64,Irugur Series,26,591,Cowpea
Kaniyalampalayam,192.11,15.18,546.01,0.23,7.54,Irugur Series,20,563,Cowpea
Kattampatti,197.22,13.14,794.94,0.3,7.58,Irugur Series,24,423,Cowpea
Kondampatty,231.47,11.19,510.15,0.26,7.24,Irugur Series,29,510,Cowpea
Kuthiraialampalayam,183.51,15.11,515.8,0.26,7.23,Irugur Series,30,507,Cowpea
Mullipadi,205.05,14.59,509.88,0.22,7.54,Irugur Series,20,499,Cowpea
Nallattipalayam,203.21,13.93,693.83,0.28,7.36,Irugur Series,24,568,Cowpea
Periakalandai,192.25,12.47,494.16,0.22,7.62,Irugur Series,21,467,Cowpea
Kuniyamuthur,207.88,14.7,500.94,0.29,7.52,Palathurai Series,26,588,Cowpea
Madukkarai,180.21,13.75,766.99,0.41,7.48,Palathurai Series,29,509,Cowpea
Malumichampati,214.5,15.96,652.26,0.39,7.53,Palathurai Series,23,447,Cowpea
Mylaripalayam,224.62,14.57,774.73,0.23,7.63,Palathurai Series,29,553,Cowpea
Nachipalayam,187.63,14.6,709.93,0.42,7.58,Palathurai Series,29,444,Cowpea
Ottakkal Mandabam,203.94,13.04,699.48,0.39,7.42,Palathurai Series,21,567,Cowpea
Palathurai,209.33,15.33,627.7,0.42,7.57,Palathurai Series,30,527,Cowpea
Seerapalayam,190.65,12.84,722.51,0.35,7.57,Palathurai Series,23,467,Cowpea
Bilichi West,211.77,13.47,442.58,0.26,7.2,Palathurai Series,28,585,Cowpea
Gollapatti,189.75,15.2,522.05,0.45,7.21,Dasarapatti Series,25,584,Cowpea
Kabulipalayam,229.97,15.76,595.07,0.25,7.68,Irugur Series,23,460,Cowpea
Kullichettipalayam,206.33,16.07,524.47,0.25,7.62,Irugur Series,24,521,Cowpea
Mulanur,183.32,15.24,539.05,0.39,7.24,Dasarapatti Series,21,599,Cowpea
N.Kumarapalayam,203.22,16.03,524.14,0.29,7.54,Irugur Series,28,417,Cowpea
Okkilipalayam,203.41,15.72,579.68,0.38,7.55,Irugur Series,24,441,Cowpea
Poosanaickendhali,202.12,15.93,564.43,0.24,7.48,Irugur Series,30,587,Cowpea
R. Ponnapuram,241.54,13.77,502.79,0.39,7.37,Irugur Series,27,578,Cowpea
Ramapattinam,188.89,13.87,492.21,0.29,7.26,Irugur Series,28,433,Cowpea
Sangampalayam,185.12,15.13,491.59,0.31,7.42,Irugur Series,24,472,Cowpea
Santhegoundanpalayam,191.36,14.69,571,0.3,7.23,Irugur Series,29,540,Cowpea
Makkinampatti,190.25,14.23,739.68,0.23,7.62,Irugur Series,23,471,Cowpea
Palayur,205.55,14.35,611.29,0.35,7.22,Irugur Series,30,591,Cowpea
S. Nallur,219.76,13.8,795.91,0.33,7.25,Palladam Series,21,583,Cowpea
Samathur,199.57,14.67,624.76,0.26,7.21,Irugur Series,24,468,Cowpea
Thenkumarapalayam,210.69,13.53,575.51,0.26,7.63,Palladam Series,26,501,Cowpea
Unjavelampatti,196.75,16.04,523.81,0.29,7.26,Palladam Series,29,409,Cowpea
Veeralpatti,193.01,15.25,529.64,0.28,7.33,Irugur Series,20,565,Cowpea
Appanaickenpatti,182.4,15.44,769.54,0.39,7.58,Palladam Series,23,511,Cowpea
Bogampatti,187.56,14.76,708.17,0.36,7.32,Palladam Series,22,559,Cowpea
Edayarpalayam,204.76,15.55,734.9,0.42,7.6,Palladam Series,22,598,Cowpea
J. Krishnapuram,224.02,13.93,758.09,0.41,7.67,Palladam Series,21,494,Cowpea
Malaipalayam,190.91,15.75,637.54,0.27,7.52,Palladam Series,22,453,Cowpea
Pappampatti,210.39,15.73,718.2,0.43,7.6,Palladam Series,30,446,Cowpea
Poorandampalayam,204.79,15.09,775.69,0.38,7.68,Palladam Series,28,515,Cowpea
S. Ayyampalayam,199.47,13.15,775.44,0.22,7.61,Palladam Series,27,514,Cowpea
Selekkarichal,208,12.89,710.88,0.33,7.58,Palladam Series,30,419,Cowpea
Senjeriputhur,225.77,16,758.3,0.41,7.65,Palladam Series,20,517,Cowpea
Arasur,189.37,13.89,519.87,0.31,7.47,Peelamedu Series,25,483,Cowpea
Irugur,170.1,13.17,646.03,0.23,7.24,Peelamedu Series,24,424,Cowpea
K.Madappur,188.56,13.58,546.8,0.43,7.67,Peelamedu Series,23,497,Cowpea
Kalangal,210.9,13.44,525.97,0.34,7.68,Peelamedu Series,22,541,Cowpea
Karumathamampatti,197.86,14.48,541.1,0.36,7.66,Peelamedu Series,30,586,Cowpea
Mylampatti,188.27,12.19,561.03,0.38,7.65,Peelamedu Series,29,514,Cowpea
Devarayapuram,208.35,13.84,805.75,0.39,7.69,Palathurai Series,24,522,Cowpea
Ikkaraibooluvampatti,197.77,14.07,802.91,0.25,7.56,Palathurai Series,20,422,Cowpea
Narasipuram,227.78,12.83,754.71,0.34,7.69,Somaiyanur Series,29,403,Cowpea
Perur,262.17,12.81,796.09,0.54,7.31,Palathurai Series,20,437,Cowpea
Perur Chettipalayam,223.42,13.76,761.42,0.31,7.22,Somaiyanur Series,30,575,Cowpea
Pooluvapatti,184.27,15.51,760.41,0.29,7.63,Somaiyanur Series,27,566,Cowpea
Ambothi,191.08,14.94,711.08,0.27,7.23,Irugur Series,24,411,Cowpea
Bellathi,188.5,13.57,564.45,0.47,7.4,Irugur Series,24,581,Cowpea
Bellapalayam,195.51,15.89,777.46,0.38,7.69,Irugur Series,29,552,Cowpea
Chinnakallipatti,215.47,15.78,536.21,0.37,7.29,Irugur Series,30,420,Cowpea
Illuppanantham,168.61,14.68,549.64,0.19,7.23,Irugur Series,30,571,Cowpea
Irumborai,214.95,16.01,599.92,0.28,7.38,Irugur Series,29,412,Cowpea
Karamadai,185.88,14.67,671.08,0.39,7.65,Irugur Series,20,509,Cowpea
Bilichi East,185.4,12.97,651.4,0.33,7.65,Palathurai Series,20,411,Cowpea
Chinnathadagam,199.38,12.03,578.31,0.4,7.68,Palathurai Series,20,535,Cowpea
Ambarampalayam,188.41,12.85,715,0.28,7.66,Peelamedu Series,22,468,Cowpea
Chinnampalayam,187.93,12.46,791.56,0.25,7.47,Peelamedu Series,23,479,Cowpea
Avaleppampatti,207.28,14.73,764.32,0.26,7.66,Dasarapatti Series,28,494,Cowpea
Bodipalayam,239.38,15.12,589.32,0.31,7.61,Irugur Series,23,515,Cowpea
Devanampalayam,187.91,14.04,801.8,0.35,7.31,Irugur Series,23,401,Cowpea
Chettipalayam,191.5,15.48,498.38,0.24,7.2,Palathurai Series,29,431,Cowpea
Ettimadai,214.7,15.53,728.8,0.45,7.58,Palathurai Series,30,571,Cowpea
Achipatti,232.24,14.97,779.84,0.2,7.62,Irugur Series,22,540,Cowpea
Anupparpalayam,231.57,15.07,738.62,0.26,7.22,Irugur Series,23,586,Cowpea
Ayyampalayam,227.56,16.02,779.74,0.36,7.21,Irugur Series,27,464,Cowpea
Boligoundenpalayam,203.41,13.94,488.15,0.39,7.26,Irugur Series,22,568,Cowpea
Gomangalam,198.93,15.08,793.6,0.25,7.63,Dasarapatti Series,28,506,Cowpea
Arisipalayam,195.04,15.74,593.12,0.25,7.65,Palathurai Series,30,437,Cowpea
Chinnavedampatti,251.63,14.08,725.84,0.26,7.31,Peelamedu Series,29,484,Cowpea
A.S Kulam,197.89,13.11,658.35,0.47,7.49,Peelamedu Series,26,455,Cowpea
Chikkarampalayam,201.36,16.96,835.27,0.45,7.4,Palathurai Series,34,300,Cumbu
Maradur,214.36,16.49,781.29,0.45,7.64,Palathurai Series,35,300,Cumbu
Madukkarai,180.21,13.75,866.99,0.51,7.48,Palathurai Series,34,336,Cumbu
Mavuthampothy,171.11,13.26,615.17,0.27,7.52,Palathurai Series,28,262,Cumbu
Seerapalayam,170.24,13.84,822.51,0.55,7.57,Palathurai Series,30,275,Cumbu
Pannimadai,228.2,13.79,628.37,0.29,7.88,Palathurai Series,33,280,Cumbu
Sarkarsamaklam,211.27,16.63,877.12,0.56,7.84,Palathurai Series,33,298,Cumbu
Arasur,189.37,13.89,619.87,0.31,7.47,Irugur Series,33,322,Cumbu
K.Madappur,188.56,13.58,646.8,0.53,7.89,Irugur Series,31,285,Cumbu
Pooluvapatti,184.27,16.51,860.41,0.29,7.63,Somaiyanur Series,33,332,Cumbu
Theethipalayam,203.53,16.42,808.19,0.34,7.54,Somaiyanur Series,33,349,Cumbu
Bellathi,188.5,13.57,664.45,0.47,7.5,Palathurai Series,27,290,Cumbu
Bellapalayam,195.51,16.89,877.46,0.48,7.79,Palathurai Series,35,271,Cumbu
Illuppanantham,168.61,14.68,649.64,0.37,7.48,Palathurai Series,35,349,Cumbu
Chettipalayam,175.5,15.48,671.38,0.34,7.5,Palathurai Series,31,337,Cumbu
Bilichi East,185.4,12.97,651.4,0.33,7.75,Somaiyanur Series,34,322,Cumbu
Ettimadai,214.7,16.53,728.8,0.48,7.89,Palathurai Series,28,277,Cumbu
Kottur,175.89,15.13,448.67,0.28,7.58,Irugur Series,28,768,Greengram
Marchinaickanpalayam,221.23,14.11,718.83,0.31,7.49,Irugur Series,26,730,Greengram
Somandurai,227.43,11.84,523.72,0.27,7.49,Irugur Series,27,750,Greengram
Thensangampalayam,185.31,14.57,546.31,0.27,7.51,Irugur Series,39,698,Greengram
Allapalayam,213.08,3.71,568.3,0.55,7.53,Irugur Series,31,637,Greengram
Kanjapalli,172.36,16.79,578.86,0.28,7.81,Vellalur Series,26,789,Greengram
M.G.C.Palayam,179.46,14.74,586.48,0.25,7.85,Vellalur Series,25,683,Greengram
Naranapuram,212.12,14.49,422.92,0.52,7.48,Vellalur Series,32,718,Greengram
Pachapalayam,202.27,12.97,208.6,0.3,7.76,Vellalur Series,32,706,Greengram
Bellapalayam,195.51,19.89,877.46,0.48,7.79,Palathurai Series,31,752,Greengram
Jadayampalayam,181.57,13.47,557.21,0.2,7.88,Palathurai Series,28,783,Greengram
Kemmarampalayam,198.99,12.47,106.69,0.43,7.47,Palathurai Series,26,722,Greengram
Maradur,224.36,16.49,781.29,0.45,7.64,Palathurai Series,25,731,Greengram
Mooduthurai,214.95,20.59,627.82,0.27,7.49,Palathurai Series,32,759,Greengram
Chettipalayam,171.5,25.48,371.38,0.24,7.6,Palathurai Series,25,779,Greengram
Nachipalayam,187.63,14.6,1009.93,0.52,7.58,Palathurai Series,31,618,Greengram
Seerapalayam,170.24,11.84,922.51,0.53,7.57,Palathurai Series,32,702,Greengram
Anupar Palayam,178.56,16.21,648.14,0.37,7.64,Palathurai Series,31,759,Greengram
Gudalur North,188.9,13.15,594.86,0.36,7.86,Palathurai Series,31,772,Greengram
Kallipalayam,224.65,14.31,1008.56,0.27,7.87,Palathurai Series,26,769,Greengram
Saravanampatti,222.45,14.81,627.68,0.4,7.78,Palathurai Series,25,694,Greengram
Appanaickenpatti,182.4,27.44,769.54,0.39,7.88,Palladam Series,32,630,Greengram
Bogampatti,187.56,24.76,708.17,0.46,7.84,Palladam Series,30,785,Greengram
Edayarpalayam,174.64,19.55,934.9,0.46,7.8,Palladam Series,25,759,Greengram
J. Krishnapuram,224.02,20.93,1058.09,0.46,7.87,Palladam Series,27,760,Greengram
Kumarapalayam,170.49,13.18,572.09,0.24,7.89,Palladam Series,25,787,Greengram
Pappampatti,210.39,20.73,1118.2,0.53,7.8,Palladam Series,25,630,Greengram
Poorandampalayam,204.79,15.09,775.69,0.38,7.76,Palladam Series,31,683,Greengram
S. Ayyampalayam,179.47,13.15,775.44,0.26,7.83,Palladam Series,30,675,Greengram
Selekkarichal,208,21.89,1010.88,0.43,7.88,Palladam Series,31,660,Greengram
Senjeriputhur,225.77,16,958.3,0.41,7.89,Palladam Series,31,762,Greengram
Arasur,189.37,13.89,519.87,0.31,7.47,Irugur Series,30,785,Greengram
Irugur,170.1,13.17,346.03,0.23,7.44,Irugur Series,32,724,Greengram
K.Madappur,188.56,13.58,546.8,0.51,7.81,Irugur Series,31,688,Greengram
Karumathamampatti,179.17,14.48,341.1,0.36,7.86,Irugur Series,25,609,Greengram
Kittampalayam,176.83,13.11,694.45,0.28,7.75,Irugur Series,27,759,Greengram
Moppripalayam,190.59,15.22,737.56,0.34,7.83,Irugur Series,25,749,Greengram
Mylampatti,177.27,11.19,561.03,0.38,7.65,Irugur Series,27,659,Greengram
Nellambur,201.22,14.37,598.87,0.33,7.73,Irugur Series,27,608,Greengram
Devarayapuram,208.35,13.84,805.75,0.39,7.69,Palathurai Series,29,663,Greengram
Ikkaraibooluvampatti,197.77,14.07,802.91,0.25,7.56,Palathurai Series,26,653,Greengram
Narasipuram,227.78,12.83,1054.71,0.34,7.69,Palathurai Series,28,763,Greengram
Chinnakallipatti,225.47,16.78,536.21,0.37,7.49,Palathurai Series,29,763,Greengram
Illuppanantham,168.61,14.68,549.64,0.29,7.53,Palathurai Series,30,716,Greengram
Arisipalayam,195.04,16.74,593.12,0.25,7.75,Palathurai Series,27,646,Greengram
Ettimadai,214.7,16.53,728.8,0.48,7.89,Palathurai Series,29,751,Greengram
A.S Kulam,177.89,13.11,658.35,0.52,7.49,Palathurai Series,26,605,Greengram
Chinnavedampatti,221.63,14.08,725.84,0.26,7.41,Palathurai Series,29,732,Greengram
Angalakuruchi,219.98,13.76,574.79,0.38,7.52,Anamalai Series,28,680,Groundnut
Jallipatti ,206.26,16.38,645.27,0.35,7.17,Anamalai Series,30,650,Groundnut
Kaliapuram,186.96,14.23,512.23,0.29,7.17,Anamalai Series,31,670,Groundnut
Kambalapatti,186.94,14.53,486.72,0.21,7.39,Anamalai Series,30,620,Groundnut
Karianchettipalayam,232.08,14.27,555.41,0.38,7.47,Anamalai Series,27,605,Groundnut
Kottur,185.89,15.13,548.67,0.22,7.18,Anamalai Series,28,615,Groundnut
Marchinaickanpalayam,221.23,14.11,718.83,0.31,7.49,Anamalai Series,27,680,Groundnut
Odayakulam,213.04,13.52,697.49,0.29,7.33,Anamalai Series,26,630,Groundnut
Periyapothu,189.66,13.96,513.38,0.21,7.13,Anamalai Series,25,600,Groundnut
Pilchinnampalayam,209.11,14.07,504.88,0.28,7.21,Anamalai Series,25,670,Groundnut
Somandurai,227.43,13.84,523.72,0.27,7.49,Anamalai Series,28,687,Groundnut
Thencithur,206.31,14.39,584.96,0.4,7.34,Anamalai Series,29,670,Groundnut
Thensangampalayam,185.31,14.57,546.31,0.27,7.51,Anamalai Series,30,634,Groundnut
Thuraiyur,221.68,13.8,535.41,0.36,7.42,Anamalai Series,28,675,Groundnut
Vettakaranpudur,225.81,14.23,635,0.39,7.17,Anamalai Series,26,654,Groundnut
Ambothi,191.08,16.44,711.08,0.27,7.23,Irugur Series,35,544,Groundnut
Kanuvakkarai,184,13.78,487.16,0.29,7.49,Irugur Series,26,589,Groundnut
Odderpalayam,184.32,15.45,572.72,0.25,7.29,Irugur Series,29,635,Groundnut
Pasur,189.85,13.36,493.25,0.36,7.13,Irugur Series,34,566,Groundnut
Vadakkalur,190.01,16.5,567.11,0.27,7.55,Irugur Series,27,654,Groundnut
Mooduthurai,234.95,16.49,627.82,0.27,7.29,Palathurai Series,28,574,Groundnut
Odanthurai,188.3,13.59,632.84,0.19,7.47,Palathurai Series,31,671,Groundnut
Kinathukadavu,186.34,15.98,590.94,0.25,7.46,Irugur Series,33,673,Groundnut
Mettupalayam,183.06,13.69,569.7,0.2,7.46,Irugur Series,26,700,Groundnut
Muthur,187.27,13.51,490.94,0.24,7.2,Irugur Series,34,685,Groundnut
Sankarayapuram,203.41,13.61,669.86,0.33,7.15,Irugur Series,28,632,Groundnut
Sulakkal,185.31,15.33,566.46,0.24,7.49,Irugur Series,31,576,Groundnut
Vadaputhur,186.34,15.92,536.72,0.27,7.29,Irugur Series,31,630,Groundnut
Vaguthampalayam,190.57,15.9,550.26,0.22,7.47,Irugur Series,33,578,Groundnut
Devambadi,189.58,14.4,702.79,0.36,7.3,Irugur Series,31,523,Groundnut
Gollapatti,188.92,16.2,522.05,0.42,7.23,Dasarapatti Series,31,643,Groundnut
Kabulipalayam,236.97,16.76,595.07,0.25,7.5,Irugur Series,28,575,Groundnut
Kullakkapalayam,187.38,16.5,491.63,0.32,7.51,Irugur Series,26,503,Groundnut
Kullichettipalayam,206.33,16.07,524.47,0.25,7.52,Irugur Series,33,634,Groundnut
Kurumbapalayam,189.55,15.2,518.66,0.28,7.16,Irugur Series,28,646,Groundnut
N.Kumarapalayam,203.22,16.33,524.14,0.29,7.54,Irugur Series,33,500,Groundnut
Nallathukuli,212.19,14.41,491.56,0.3,7.14,Irugur Series,35,624,Groundnut
Okkilipalayam,203.41,15.72,579.68,0.38,7.55,Irugur Series,35,649,Groundnut
Poosanaickendhali,202.12,16.43,564.43,0.24,7.48,Irugur Series,33,698,Groundnut
Puliyampatti,225.45,16.2,713.95,0.39,7.5,Irugur Series,32,559,Groundnut
R. Ponnapuram,231.54,13.77,492.79,0.39,7.37,Irugur Series,33,515,Groundnut
Rasakkapalayam,212.98,14.7,558.51,0.29,7.52,Irugur Series,31,700,Groundnut
Rasichettipalayam,190.98,13.68,502.87,0.41,7.14,Irugur Series,26,513,Groundnut
Sangampalayam,185.12,15.13,491.59,0.31,7.42,Irugur Series,28,563,Groundnut
Santhegoundanpalayam,191.36,14.69,481,0.3,7.23,Irugur Series,29,591,Groundnut
Servaikaranpalayam,210.04,14.11,700.96,0.24,7.48,Irugur Series,31,686,Groundnut
T.Kottampatti,189.65,14.41,508.94,0.21,7.31,Irugur Series,35,598,Groundnut
Thalakkarai,191.49,15.24,709.22,0.43,7.15,Irugur Series,35,607,Groundnut
Thimmanguthu,185.85,13.68,486.41,0.28,7.51,Irugur Series,29,586,Groundnut
Vadakkipayalam,221.03,14.91,637.03,0.43,7.14,Irugur Series,35,508,Groundnut
Makkinampatti,190.25,14.23,719.68,0.23,7.52,Irugur Series,25,614,Groundnut
Palayur,190.55,14.35,611.29,0.35,7.12,Irugur Series,27,641,Groundnut
S. Nallur,189.06,13.8,695.91,0.33,7.12,Palladam Series,25,538,Groundnut
Veeralpatti,193.3,15.25,529.64,0.28,7.33,Irugur Series,25,687,Groundnut
A.Mettupalayam,197.52,14.35,672.23,0.38,7.46,Irugur Series,25,595,Groundnut
A.Sengappalli,186.74,15.58,537.35,0.33,7.53,Irugur Series,27,603,Groundnut
Allapalayam,213.08,13.71,568.3,0.36,7.13,Irugur Series,35,564,Groundnut
Chinnakallipatti,235.47,16.28,536.21,0.37,7.29,Palathurai Series,31,659,Groundnut
Anupar Palayam,185.56,16.21,648.14,0.37,7.34,Palathurai Series,30,594,Groundnut
Achipatti,234.24,16.17,709.84,0.2,7.22,Irugur Series,29,632,Groundnut
Ayyampalayam,227.56,16.02,679.74,0.36,7.13,Irugur Series,33,563,Groundnut
Bodipalayam,239.38,16.12,589.32,0.31,7.51,Palladam Series,27,598,Groundnut
Aatupollachi,200.82,13.61,591.51,0.36,7.51,Irugur Series,29,500,Sorghum
Angalakuruchi,219.98,12.76,574.79,0.38,7.52,Irugur Series,32,590,Sorghum
Jallipatti,206.26,13.38,645.27,0.35,7.47,Irugur Series,33,550,Sorghum
Kaliapuram,186.96,14.23,532.23,0.29,7.47,Irugur Series,32,580,Sorghum
Kambalapatti,176.94,14.53,576.72,0.21,7.49,Irugur Series,31,560,Sorghum
Karianchettipalayam,202.08,14.27,555.41,0.38,7.47,Irugur Series,28,490,Sorghum
Kottur,175.89,15.13,598.67,0.38,7.68,Irugur Series,29,515,Sorghum
Marchinaickanpalayam,201.23,14.11,718.83,0.31,7.49,Irugur Series,29,558,Sorghum
Odayakulam,210.04,13.52,697.49,0.29,7.33,Irugur Series,27,530,Sorghum
Periyapothu,189.66,13.96,593.38,0.38,7.63,Irugur Series,27,580,Sorghum
Pethanaickenur,195.72,12.68,577.84,0.4,7.47,Irugur Series,31,590,Sorghum
Pilchinnampalayam,209.11,12.07,574.88,0.28,7.51,Irugur Series,27,570,Sorghum
Somandurai,207.43,12.84,523.72,0.27,7.49,Irugur Series,30,580,Sorghum
Thencithur,206.31,14.39,584.96,0.4,7.54,Irugur Series,34,576,Sorghum
Thensangampalayam,185.31,14.57,546.31,0.27,7.51,Irugur Series,35,500,Sorghum
Thuraiyur,201.68,12.8,535.41,0.36,7.42,Irugur Series,27,563,Sorghum
Vettakaranpudur,195.81,12.23,635,0.49,7.57,Irugur Series,31,543,Sorghum
A.Mettupalayam,197.52,12.35,672.23,0.45,7.66,Irugur Series,28,414,Sorghum
A.Sengappalli,178.74,15.58,637.35,0.33,7.53,Irugur Series,27,420,Sorghum
Allapalayam,210.08,13.71,568.3,0.37,7.53,Irugur Series,28,510,Sorghum
Ambothi,176.08,13.94,611.08,0.27,7.43,Irugur Series,32,517,Sorghum
Annur,210.59,13.46,599.02,0.4,7.4,Irugur Series,35,514,Sorghum
Kanjapalli,192.36,13.79,578.86,0.38,7.61,Irugur Series,34,491,Sorghum
Kanuvakkarai,174,13.78,687.16,0.29,7.59,Irugur Series,32,471,Sorghum
Karegoundenplm,209.83,13.66,720.14,0.36,7.25,Peelamedu Series,31,566,Sorghum
Kariampalayam,192.71,12.1,511.32,0.21,7.56,Peelamedu Series,32,479,Sorghum
Kunnathur,183.22,14.8,625.83,0.44,7.57,Irugur Series,32,569,Sorghum
Kuppanur,192.83,14.45,507.8,0.44,7.69,Irugur Series,31,597,Sorghum
Kuppepalayam,196.57,13.69,518.38,0.44,7.65,Irugur Series,30,571,Sorghum
M.G.C.Palayam,179.46,14.74,586.48,0.25,7.55,Irugur Series,35,534,Sorghum
Naranapuram,209.12,14.49,622.92,0.32,7.68,Irugur Series,30,440,Sorghum
Odderpalayam,174.32,15.45,672.72,0.35,7.69,Peelamedu Series,31,526,Sorghum
Pasur,189.85,13.36,673.25,0.36,7.53,Irugur Series,32,416,Sorghum
Pilliappampalayam,210.42,14.28,672.34,0.3,7.49,Irugur Series,30,599,Sorghum
Pogalur,199.82,14.79,668.29,0.33,7.7,Irugur Series,35,572,Sorghum
Vadakkalur,190.01,13.5,667.11,0.37,7.85,Irugur Series,30,444,Sorghum
Vadavalli,192.7,13.46,639.08,0.28,7.51,Irugur Series,29,583,Sorghum
Irumborai,204.95,13.01,599.92,0.28,7.38,Irugur Series,29,482,Sorghum
Jadayampalayam,181.57,13.47,557.21,0.29,7.25,Irugur Series,32,409,Sorghum
Kalampalayam,197.41,14.09,598.56,0.31,7.5,Irugur Series,27,497,Sorghum
Karamadai,185.88,14.67,671.08,0.39,7.65,Irugur Series,32,556,Sorghum
Kemmarampalayam,198.99,12.47,506.69,0.43,7.57,Irugur Series,30,502,Sorghum
Maradur,204.36,13.49,701.29,0.45,7.64,Irugur Series,32,545,Sorghum
Mooduthurai,204.95,13.59,627.82,0.27,7.59,Irugur Series,32,488,Sorghum
Nellithurai,185.34,13.41,519.32,0.25,7.4,Irugur Series,29,499,Sorghum
Odanthurai,188.3,13.19,632.84,0.39,7.97,Irugur Series,32,557,Sorghum
Sirumugai,184.8,13.05,645.9,0.41,7.84,Irugur Series,27,583,Sorghum
Thekkampatti,202.21,13.4,645.03,0.26,7.49,Irugur Series,29,455,Sorghum
Tholampalayam,198.01,13.39,639.36,0.34,7.61,Irugur Series,29,548,Sorghum
Velliangadu,174.49,12.76,640.98,0.39,7.42,Irugur Series,29,585,Sorghum
Andipalayam,184.99,12.22,565.44,0.32,7.45,Irugur Series,35,413,Sorghum
Chettiakkapalayam,199.45,12.41,547.24,0.32,7.51,Irugur Series,30,404,Sorghum
Kattampatti,197.22,13.14,704.94,0.3,7.7,Peelamedu Series,35,554,Sorghum
Kinathukadavu,176.34,13.98,590.94,0.25,7.56,Irugur Series,29,588,Sorghum
Kodangipalayam,209.18,13.05,633.59,0.34,7.53,Irugur Series,28,450,Sorghum
Kondampatty,191.47,13.19,760.15,0.36,7.24,Irugur Series,29,486,Sorghum
Kothavadi,185,14,604,0.27,7.5,Irugur Series,33,549,Sorghum
Krishnarayapuram,174.12,12.82,536.65,0.26,7,Irugur Series,29,459,Sorghum
Kurunellipalayam,178.97,13.24,659.17,0.28,7.71,Irugur Series,29,404,Sorghum
Kuthiraialampalayam,173.51,13.11,715.8,0.26,7.64,Irugur Series,35,596,Sorghum
Mettupalayam,193.06,13.69,569.7,0.29,7.46,Irugur Series,30,456,Sorghum
Mullipadi,185.05,12.59,679.88,0.22,7.54,Irugur Series,32,503,Sorghum
Muthur,171.27,12.31,670.94,0.24,7.56,Irugur Series,35,470,Sorghum
Nallattipalayam,203.21,13.93,693.83,0.28,7.46,Irugur Series,27,593,Sorghum
Panappati,185.47,12.99,745.97,0.21,7.73,Irugur Series,31,416,Sorghum
Periakalandai,172.58,12.47,554.16,0.22,7.52,Irugur Series,32,575,Sorghum
Pottiyandiporambu,195.56,14.22,521.12,0.22,7.53,Irugur Series,32,401,Sorghum
Sankarayapuram,203.41,13.61,669.86,0.33,7.62,Irugur Series,31,414,Sorghum
Sholanur,206.97,13.85,793.73,0.21,7.43,Irugur Series,34,557,Sorghum
Sirukkalandai,178.07,13.19,443.01,0.36,7.56,Irugur Series,32,436,Sorghum
Sokkanur,196.01,12.87,573.09,0.32,7.75,Irugur Series,29,436,Sorghum
Solavampalayam,181.87,12.2,638.17,0.33,7.69,Irugur Series,34,575,Sorghum
Sulakkal,175.31,13.33,766.46,0.24,7.79,Irugur Series,31,468,Sorghum
Vadaputhur,188.34,13.92,736.72,0.27,7.59,Irugur Series,34,548,Sorghum
Vadasithur,175.59,13.55,753.6,0.28,7.42,Irugur Series,28,462,Sorghum
Vaguthampalayam,190.57,13.9,650.26,0.22,7.47,Irugur Series,34,426,Sorghum
Varadanur,201.24,15.42,632.66,0.22,7.48,Irugur Series,34,517,Sorghum
Kuniyamuthur,177.88,14.7,500.94,0.39,7.52,Palathurai Series,28,598,Sorghum
Kurichi,188.1,13.83,509.06,0.37,7.49,Palathurai Series,28,471,Sorghum
Madukkarai,180.21,13.75,666.99,0.41,7.48,Palathurai Series,31,587,Sorghum
Malumichampati,204.5,13.06,652.26,0.39,7.83,Palathurai Series,29,575,Sorghum
Mavuthampothy,191.11,12.26,515.17,0.27,7.42,Palathurai Series,28,491,Sorghum
Mylaripalayam,204.62,14.57,574.73,0.23,7.43,Palathurai Series,27,406,Sorghum
Nachipalayam,187.63,14.6,609.93,0.32,7.58,Palathurai Series,34,592,Sorghum
Orattukuppai,193.26,13.71,645.09,0.2,7.56,Palathurai Series,30,562,Sorghum
Ottakkal Mandabam,203.94,13.04,679.48,0.3,7.42,Palathurai Series,30,592,Sorghum
Palathurai,209.33,13.33,627.7,0.42,7.57,Palathurai Series,32,535,Sorghum
Seerapalayam,190.24,13.84,622.51,0.35,7.57,Palathurai Series,35,478,Sorghum
Singanallur,203.74,12.66,683.95,0.22,7.63,Palathurai Series,34,505,Sorghum
Sowripalayam,212.9,13.66,698.22,0.21,7.61,Palathurai Series,35,449,Sorghum
Sundakkamuthur,182.66,13.7,635.56,0.21,7.57,Palathurai Series,29,567,Sorghum
Thirumalaiyampalayam,199.71,12.99,689.06,0.3,7.36,Palathurai Series,31,478,Sorghum
Vazhukuparai,208.83,15.19,624.36,0.42,7.64,Palathurai Series,35,423,Sorghum
Gudalur North,188.9,13.15,594.86,0.36,7.56,Palathurai Series,33,493,Sorghum
Gudalur South,180.2,12.45,576.12,0.34,7.46,Palathurai Series,33,543,Sorghum
Kavundampalayam,207.17,13.99,512.4,0.29,7.59,Palathurai Series,35,404,Sorghum
Karudampalayam,203.62,13.72,556.47,0.41,7.56,Palathurai Series,32,600,Sorghum
Naickenpalayam,209.69,13.15,587.03,0.34,7.52,Palathurai Series,28,438,Sorghum
NSN Palayam,207.58,14.18,749.45,0.41,7.65,Palathurai Series,31,406,Sorghum
Pannimadai,208.2,12.79,528.37,0.29,7.58,Palathurai Series,27,410,Sorghum
Puliyakulam,173.37,13.24,577.32,0.31,7.54,Palathurai Series,35,487,Sorghum
Somayampalayam,212.09,14.83,769.54,0.46,7.75,Palathurai Series,30,575,Sorghum
Telungupalayam,176.82,12.55,546.82,0.3,7.68,Palathurai Series,34,405,Sorghum
Ayyampalayam,207.56,13.02,779.74,0.36,7.51,Palladam Series,27,426,Sorghum
Kondegoundenpalayam,189.45,13.25,697.72,0.27,7.59,Palladam Series,28,496,Sorghum
Kulathur,210.07,12.3,795.43,0.43,7.64,Irugur Series,31,589,Sorghum
Kullakkapalayam,187.38,12.7,691.63,0.32,7.67,Palladam Series,35,507,Sorghum
Kullichettipalayam,206.33,12.07,724.47,0.25,7.62,Palladam Series,34,433,Sorghum
Kurumbapalayam,179.55,14.2,618.66,0.28,7.66,Irugur Series,29,413,Sorghum
Manur,190.95,14.46,676.98,0.43,7.63,Irugur Series,34,591,Sorghum
Mulanur,183.32,13.24,539.05,0.39,7.64,Palladam Series,32,490,Sorghum
Chandrapuram,193.46,14.03,617.67,0.43,7.44,Irugur Series,33,583,Sorghum
N.Kumarapalayam,203.22,11.33,524.14,0.29,7.54,Irugur Series,28,591,Sorghum
Nallathukuli,212.19,14.41,691.56,0.3,7.57,Irugur Series,34,492,Sorghum
Okkilipalayam,203.41,13.72,579.68,0.38,7.55,Palladam Series,32,413,Sorghum
Periyanegamam,200.77,15.28,514.51,0.28,7.62,Palladam Series,31,421,Sorghum
Poosanaickendhali,202.12,13.93,664.43,0.24,7.48,Palladam Series,29,564,Sorghum
Puliyampatti,195.45,17.2,613.95,0.39,7.5,Irugur Series,35,512,Sorghum
R. Ponnapuram,181.54,13.77,502.79,0.39,7.37,Palladam Series,27,585,Sorghum
Ramapattinam,188.89,13.87,792.21,0.29,7.66,Irugur Series,32,541,Sorghum
Rasakkapalayam,212.98,14.7,758.51,0.29,7.72,Irugur Series,33,541,Sorghum
Rasichettipalayam,180.98,13.68,502.87,0.38,7.64,Irugur Series,31,451,Sorghum
Sangampalayam,185.12,15.13,691.59,0.31,7.42,Irugur Series,27,459,Sorghum
Santhegoundanpalayam,191.36,14.69,671,0.3,7.53,Palladam Series,35,400,Sorghum
Servaikaranpalayam,210.04,14.11,700.96,0.24,7.64,Palladam Series,34,510,Sorghum
T.Kottampatti,199.65,14.41,508.94,0.21,7.71,Palladam Series,27,417,Sorghum
Thalakkarai,191.49,15.24,719.22,0.31,7.65,Palladam Series,31,491,Sorghum
Thimmanguthu,175.85,13.68,686.41,0.28,7.71,Palladam Series,31,534,Sorghum
Thippampatti,196.55,14.56,519.35,0.25,7.61,Palladam Series,30,514,Sorghum
Vadakkipayalam,201.03,14.91,637.03,0.43,7.54,Irugur Series,27,536,Sorghum
Z.Muthur,203.34,14.71,697.47,0.41,7.66,Palladam Series,32,446,Sorghum
Kanjampatti,216.98,13.35,621.21,0.29,7.46,Palladam Series,32,414,Sorghum
Kolarpatti,197.92,14.16,694.09,0.29,7.64,Irugur Series,33,540,Sorghum
Makkinampatti,190.25,14.23,739.68,0.23,7.72,Irugur Series,28,436,Sorghum
Naickenpalayam,208.76,12.91,646.81,0.25,7.65,Palladam Series,33,527,Sorghum
Nallampalli,189.66,14.7,680.81,0.23,7.46,Palladam Series,27,466,Sorghum
Nathukkalpalayam,173.76,12.72,536.11,0.35,7.46,Irugur Series,28,473,Sorghum
Palayur,179.55,14.35,611.29,0.35,7.42,Irugur Series,33,542,Sorghum
S. Malayandipatnam,204.21,14.68,760.91,0.33,7.61,Palladam Series,32,495,Sorghum
S. Ponnapuram,210.52,12.73,624.25,0.26,7.57,Irugur Series,35,406,Sorghum
S. Nallur,179.06,13.8,795.91,0.33,7.62,Palladam Series,31,453,Sorghum
Samathur,199.57,14.67,624.76,0.26,7.61,Irugur Series,35,449,Sorghum
Seelakkampatti,183.2,13.91,629.86,0.28,7.52,Irugur Series,32,451,Sorghum
Singanallur,189.16,12.85,685.9,0.35,7.59,Peelamedu Series,35,506,Sorghum
Sinjuvadi,185.2,13.42,721.08,0.37,7.48,Dasarapatti Series,33,402,Sorghum
Solapalayam,208.2,12.68,686.73,0.27,7.61,Irugur Series,32,549,Sorghum
Suleeswaranpatti,191.52,13.68,715.97,0.29,7.38,Palladam Series,29,565,Sorghum
Thenkumarapalayam,190.79,13.53,675.51,0.26,7.73,Palladam Series,28,441,Sorghum
Unjavelampatti,176.75,12.24,523.81,0.29,7.66,Palladam Series,28,544,Sorghum
Veeralpatti,193.3,13.25,529.64,0.28,7.33,Irugur Series,29,436,Sorghum
Vekkampalayam,187.13,13.33,636.88,0.21,7.44,Palladam Series,29,497,Sorghum
Z. Kottampatti,175.04,14.7,668.31,0.39,7.48,Palladam Series,28,451,Sorghum
Z. Uthukuli,199.27,12.9,746.33,0.26,7.67,Palladam Series,31,583,Sorghum
Kondayampalayam,176.2,13.04,689.93,0.31,7.44,Palathurai Series,28,594,Sorghum
Sanganur,191.8,12.39,755.36,0.29,7.63,Palathurai Series,31,531,Sorghum
Saravanampatti,212.45,14.81,627.68,0.4,7.62,Palathurai Series,27,545,Sorghum
Sarkarsamaklam,201.27,13.63,677.12,0.36,7.64,Palathurai Series,32,483,Sorghum
Vellakinaru,179.69,12.27,758.03,0.31,7.64,Palathurai Series,29,587,Sorghum
Vallamadai,195.41,14.07,667.37,0.36,7.86,Palathurai Series,33,428,Sorghum
Vellankurichi,206.75,14.67,650.79,0.26,7.87,Palathurai Series,31,581,Sorghum
Appanaickenpatti,182.4,12.44,769.54,0.39,7.68,Palladam Series,33,598,Sorghum
Bogampatti,187.56,14.76,708.17,0.46,7.62,Palladam Series,30,538,Sorghum
Edayarpalayam,174.64,17.55,754.9,0.46,7.8,Palladam Series,28,542,Sorghum
J. Krishnapuram,204.02,12.93,658.09,0.46,7.87,Palladam Series,34,482,Sorghum
Kallapalayam,203.62,12.67,680.36,0.4,7.67,Palladam Series,34,587,Sorghum
Kammalapatti,203.83,12.79,649.78,0.22,7.65,Palladam Series,27,454,Sorghum
Kumarapalayam,180.49,12.18,572.09,0.24,7.69,Palladam Series,30,508,Sorghum
Malaipalayam,190.91,12.75,637.54,0.27,7.62,Palladam Series,28,478,Sorghum
Pachapalayam,210.03,11.15,727.98,0.47,7.52,Palladam Series,34,590,Sorghum
Pappampatti,210.39,11.73,518.2,0.4,7.6,Dasarapatti Series,27,438,Sorghum
Poorandampalayam,204.79,12.09,775.69,0.38,7.58,Dasarapatti Series,29,530,Sorghum
S. Ayyampalayam,189.47,13.15,775.44,0.22,7.51,Dasarapatti Series,34,561,Sorghum
Selekkarichal,208,13.89,710.88,0.3,7.68,Dasarapatti Series,33,576,Sorghum
Senjeriputhur,215.77,12,658.3,0.41,7.65,Dasarapatti Series,33,476,Sorghum
Thalakkarai,215.16,13.96,791.08,0.36,7.71,Dasarapatti Series,30,489,Sorghum
Vadavedampatti,174.32,13.85,649.58,0.35,7.75,Dasarapatti Series,33,538,Sorghum
Varapatti,201.92,12.15,665.27,0.4,7.53,Dasarapatti Series,31,449,Sorghum
Arasur,189.37,13.89,519.87,0.31,7.47,Peelamedu Series,33,531,Sorghum
Irugur,175.1,13.17,646.03,0.23,7.64,Peelamedu Series,33,595,Sorghum
Kadampadi,175.26,14.09,640.58,0.3,7,Peelamedu Series,32,563,Sorghum
Kaduvettipalayam,179.15,13.24,650.81,0.29,7.61,Peelamedu Series,29,527,Sorghum
Kalangal,177.9,12.44,525.97,0.34,7.65,Peelamedu Series,35,536,Sorghum
Kaniyur,178.36,14.13,531.45,0.34,7.63,Peelamedu Series,31,511,Sorghum
Kannampalayam,178.32,14,650.2,0.43,7.65,Peelamedu Series,29,447,Sorghum
Karumathamampatti,179.17,14.48,541.1,0.36,7.86,Peelamedu Series,30,459,Sorghum
Kittampalayam,176.83,13.11,694.45,0.28,7.65,Peelamedu Series,35,509,Sorghum
Moppripalayam,190.59,13.22,737.56,0.34,7.63,Peelamedu Series,33,556,Sorghum
Mylampatti,187.27,11.19,561.03,0.38,7.65,Peelamedu Series,35,504,Sorghum
Nellambur,201.22,14.37,598.87,0.33,7.63,Peelamedu Series,29,523,Sorghum
Otterpalayam,195.56,13.3,695.12,0.46,7.43,Peelamedu Series,35,488,Sorghum
Pathuvampalli,181.71,12.01,566.29,0.38,7.36,Peelamedu Series,33,428,Sorghum
Pattanam,181.53,12.96,511.75,0.37,7.62,Peelamedu Series,30,553,Sorghum
Peedampalli,178.41,12.77,614.01,0.25,7.43,Peelamedu Series,35,460,Sorghum
Rasipalayam,190.76,12.51,538.61,0.35,7.61,Peelamedu Series,35,410,Sorghum
Semmandampalayam,192.89,13.59,519.94,0.38,7.51,Peelamedu Series,31,561,Sorghum
Sulur,186.87,12.09,724.4,0.25,7.65,Peelamedu Series,33,526,Sorghum
Alandurai,192.78,12.99,689.97,0.26,7.56,Somaiyanur Series,30,477,Sorghum
Devarayapuram,208.35,13.84,605.75,0.39,7.69,Somaiyanur Series,27,532,Sorghum
Ikkaraibooluvampatti,197.77,13.07,602.91,0.25,7.56,Somaiyanur Series,32,437,Sorghum
Kalikanaikenpalayam,188.84,13.84,585.92,0.31,7.67,Somaiyanur Series,35,400,Sorghum
Madampatti,206.22,12.43,779.65,0.35,7.62,Somaiyanur Series,29,479,Sorghum
Madavarayapuram,201.47,14.6,744.98,0.28,7.7,Somaiyanur Series,30,407,Sorghum
Narasipuram,207.78,12.83,754.71,0.34,7.69,Somaiyanur Series,30,476,Sorghum
Perur,202.17,12.81,796.09,0.34,7.61,Somaiyanur Series,34,413,Sorghum
Perur Chettipalayam,203.42,13.76,761.42,0.31,7.59,Somaiyanur Series,30,470,Sorghum
Pooluvapatti,184.27,12.51,660.41,0.29,7.63,Somaiyanur Series,35,540,Sorghum
Theethipalayam,203.53,12.42,608.19,0.34,7.34,Somaiyanur Series,33,535,Sorghum
Thenkranai,206.18,13.23,672.29,0.22,7.46,Somaiyanur Series,33,558,Sorghum
Thennamanallur,184.89,13.1,751.57,0.3,7.58,Somaiyanur Series,30,483,Sorghum
Vellimalaipattinam,172.4,12.31,578.21,0.27,7.7,Somaiyanur Series,30,400,Sorghum
Pachapalayam,202.27,12.97,508.6,0.3,7.66,Irugur Series,34,526,Sorghum
Bellathi,188.5,13.57,664.45,0.41,7.4,Irugur Series,35,444,Sorghum
Bellapalayam,195.51,13.89,677.46,0.4,7.63,Irugur Series,34,461,Sorghum
Chikkadasampalayam,188.98,13.02,587.83,0.21,7.54,Irugur Series,31,443,Sorghum
Chikkarampalayam,211.36,13.96,635.27,0.45,7.4,Irugur Series,35,485,Sorghum
Chinnakallipatti,175.47,12.78,536.21,0.37,7.59,Irugur Series,34,410,Sorghum
Illuppanantham,168.61,13.68,549.64,0.37,7.63,Irugur Series,27,580,Sorghum
Arasampalayam,202.15,11.59,562.86,0.32,7.49,Palladam Series,32,516,Sorghum
Devanampalayam,177.91,13.04,641.8,0.35,7.41,Irugur Series,35,513,Sorghum
Devarayapuram,185.8,12.84,599.15,0.29,7.45,Irugur Series,33,464,Sorghum
Govindapuram,188.09,12.69,590.17,0.38,7.54,Irugur Series,27,500,Sorghum
Kakkadavu,205.2,13.19,751.65,0.33,7.53,Irugur Series,28,570,Sorghum
Kaniyalampalayam,192.11,13.18,646.01,0.23,7.54,Irugur Series,29,404,Sorghum
Arisipalayam,195.04,12.74,593.12,0.25,7.65,Palathurai Series,30,445,Sorghum
Chettipalayam,191.5,13.48,771.38,0.24,7.6,Palathurai Series,35,565,Sorghum
Bilichi East,185.4,12.97,651.4,0.33,7.65,Palathurai Series,31,405,Sorghum
Bilichi West,211.77,13.47,642.58,0.26,7.57,Palathurai Series,35,498,Sorghum
Chinnathadagam,199.38,12.03,578.31,0.3,7.68,Palathurai Series,33,494,Sorghum
Achipatti,204.24,12.17,679.84,0.25,7.52,Palladam Series,30,526,Sorghum
Anupparpalayam,208.57,12.07,638.62,0.26,7.52,Palladam Series,29,427,Sorghum
Avaleppampatti,207.28,12.73,664.32,0.26,7.56,Irugur Series,30,464,Sorghum
Bodipalayam,209.38,13.12,589.32,0.31,7.71,Palladam Series,31,505,Sorghum
Boligoundenpalayam,193.41,13.94,658.15,0.39,7.56,Palladam Series,31,501,Sorghum
Chinnanegamam,198.98,12.03,798,0.3,7.69,Palladam Series,32,455,Sorghum
Devambadi,189.58,14,702.79,0.36,7.45,Palladam Series,32,447,Sorghum
Eripatti,174.13,13.22,554.57,0.46,7.42,Palladam Series,31,562,Sorghum
Gollapatti,178.92,13.2,522.05,0.45,7.43,Palladam Series,32,462,Sorghum
Kabulipalayam,209.97,12.76,595.07,0.25,7.7,Palladam Series,32,461,Sorghum
Kallipatti,172.27,13.39,535.89,0.25,7.77,Palladam Series,31,406,Sorghum
Ambarampalayam,188.41,12.85,715,0.28,7.66,Palladam Series,32,525,Sorghum
Chinnampalayam,187.93,12.46,791.56,0.25,7.47,Palladam Series,29,446,Sorghum
Gomangalampudur,179.1,14.1,603.61,0.41,7.56,Palladam Series,34,593,Sorghum
Koolanaickenpatti,197.87,14.36,583.06,0.36,7.48,Irugur Series,34,544,Sorghum
Idikarai,202.93,12.88,507.06,0.3,7.7,Palathurai Series,33,469,Sorghum
A.S Kulam,177.89,13.11,658.35,0.37,7.49,Palathurai Series,31,497,Sorghum
Chinnavedampatti,219.63,12.08,725.84,0.26,7.51,Palathurai Series,31,440,Sorghum
Ettimadai,204.7,13.53,728.8,0.38,7.68,Palathurai Series,32,581,Sorghum
Angalakuruchi,234.89,15.11,558.35,0.63,7.19,Irugur Series,28,650,Horsegram
Kambalapatti,226.65,16.41,308.94,0.38,7.71,Irugur Series,31,470,Horsegram
Periyapothu,231.27,15.39,335.89,0.39,7.27,Irugur Series,25,468,Horsegram
Pethanaickenur,229.66,16.96,313.38,0.37,7.53,Irugur Series,29,500,Horsegram
Pilchinnampalayam,234.13,17.22,454.57,0.57,7.02,Irugur Series,26,530,Horsegram
Bellathi,233.41,16.94,258.15,0.39,7.16,Palathurai Series,27,316,Horsegram
Bellapalayam,230.5,17.48,271.38,0.37,7.2,Palathurai Series,30,227,Horsegram
Chikkadasampalayam,231.77,15.47,342.58,0.38,7.2,Palathurai Series,25,215,Horsegram
Kemmarampalayam,237.11,15.07,274.88,0.42,7.21,Palathurai Series,25,322,Horsegram
Maradur,234.61,16.68,449.64,0.37,7.23,Palathurai Series,25,504,Horsegram
Mooduthurai,235.8,15.17,246.03,0.38,7.24,Palathurai Series,30,462,Horsegram
Ettimadai,248.99,15.47,266.69,0.49,7.27,Palathurai Series,28,361,Horsegram
Bilichi East,244.95,17.59,527.82,0.45,7.29,Palathurai Series,31,273,Horsegram
Bilichi West,245.47,17.78,336.21,0.37,7.29,Palathurai Series,27,510,Horsegram
Chinnathadagam,231.63,16.08,625.84,0.41,7.21,Palathurai Series,28,653,Horsegram
Naickenpalayam,235.53,17.42,608.19,0.34,7.24,Palathurai Series,29,504,Horsegram
Pannimadai,228.94,16.53,386.72,0.37,7.39,Palathurai Series,27,663,Horsegram
Anupparpalayam,231.36,16.96,935.27,0.54,7.4,Irugur Series,29,317,Horsegram
Avaleppampatti,238.5,15.57,464.45,0.58,7.4,Dasarapatti Series,25,297,Horsegram
Boligoundenpalayam,239.37,16.89,319.87,0.47,7.47,Irugur Series,26,606,Horsegram
Chinnanegamam,265.72,15.68,577.84,0.4,7.47,Irugur Series,32,239,Horsegram
Eripatti,232.45,17.2,613.95,0.39,7.5,Irugur Series,31,442,Horsegram
Kallipatti,239.98,15.76,574.79,0.38,7.52,Dasarapatti Series,27,246,Horsegram
Periyanegamam,225.03,16.91,937.03,0.48,7.54,Irugur Series,26,644,Horsegram
Poosaripatti,237.77,16.07,602.91,0.37,7.56,Dasarapatti Series,29,683,Horsegram
Puliyampatti,234.27,17.51,660.41,0.43,7.13,Irugur Series,31,441,Horsegram
Ramapattinam,230.04,16.11,600.96,0.38,7.24,Irugur Series,26,668,Horsegram
Rasakkapalayam,234.36,17.49,681.29,0.51,7.34,Irugur Series,31,434,Horsegram
Servaikaranpalayam,228.84,16.84,585.92,0.48,7.57,Irugur Series,31,502,Horsegram
T.Kottampatti,232.78,15.83,954.71,0.34,7.49,Irugur Series,25,334,Horsegram
Thimmanguthu,238.35,16.84,605.75,0.39,7.19,Irugur Series,32,598,Horsegram
Thippampatti,235.85,15.68,386.41,0.41,7.21,Irugur Series,32,480,Horsegram
Vadakkipayalam,232.98,16.7,258.51,0.45,7.32,Irugur Series,31,273,Horsegram
A.S Kulam,235.4,15.97,551.4,0.34,7.25,Peelamedu Series,27,513,Horsegram
Saravanampatti,245.51,17.89,677.46,0.61,7.59,Peelamedu Series,32,490,Horsegram
Appanaickenpatti,229.64,17.55,634.9,0.56,7.4,Palladam Series,29,589,Horsegram
Bogampatti,230.39,17.73,918.2,0.64,7.32,Palladam Series,27,613,Horsegram
Edayarpalayam,266.55,16.56,319.35,0.38,7.11,Palladam Series,26,581,Horsegram
J. Krishnapuram,232.56,15.3,395.12,0.56,7.43,Palladam Series,29,444,Horsegram
Pappampatti,237.28,16.73,964.32,0.44,7.36,Palladam Series,29,660,Horsegram
Poorandampalayam,229.17,16.48,241.1,0.36,7.26,Palladam Series,26,458,Horsegram
S. Ayyampalayam,234.02,17.93,958.09,0.57,7.17,Palladam Series,25,581,Horsegram
Selekkarichal,232.4,17.44,669.54,0.39,7.18,Palladam Series,29,413,Horsegram
Senjeriputhur,235,17.89,910.88,0.63,7.58,Palladam Series,27,611,Horsegram
Arasur,230.27,16.69,594.54,0.4,7.41,Irugur Series,26,386,Horsegram
Irugur,231.2,15.79,328.37,0.42,7.63,Irugur Series,31,333,Horsegram
K.Madappur,234.7,17.53,628.8,0.59,7.28,Irugur Series,30,625,Horsegram
Karumathamampatti,225.47,15.15,675.44,0.32,7.31,Irugur Series,29,445,Horsegram
Kittampalayam,248.56,15.58,446.8,0.65,7.11,Irugur Series,26,521,Horsegram
Moppripalayam,230.77,16.28,314.51,0.43,7.42,Peelamedu Series,30,534,Horsegram
Mylampatti,238.98,17.03,698,0.46,7.53,Irugur Series,32,204,Horsegram
Otterpalayam,230.59,16.22,637.56,0.45,7.43,Irugur Series,26,458,Horsegram
Devarayapuram,265.04,17.74,593.12,0.39,7.45,Palathurai Series,25,439,Horsegram
Ikkaraibooluvampatti,226.83,15.11,594.45,0.42,7.65,Palathurai Series,25,429,Horsegram
Kalikanaikenpalayam,229.27,15.19,461.03,0.38,7.05,Palathurai Series,28,594,Horsegram
Narasipuram,237.77,16,658.3,0.41,7.25,Palathurai Series,28,509,Horsegram
Perur Chettipalayam,228.89,16.87,292.21,0.41,7.16,Palathurai Series,32,417,Horsegram
Pooluvapatti,234.79,16.09,675.69,0.38,7.18,Palathurai Series,31,235,Horsegram
Theethipalayam,249.38,15.03,578.31,0.6,7.48,Palathurai Series,29,266,Horsegram
Chikkarampalayam,238.57,17.07,938.62,0.43,7.12,Palathurai Series,32,687,Horsegram
Chinnakallipatti,232.45,16.81,527.68,0.4,7.42,Palathurai Series,29,404,Horsegram
Illuppanantham,226.42,16.76,661.42,0.46,7.49,Palathurai Series,25,527,Horsegram
Arisipalayam,238.69,15.15,287.03,0.46,7.22,Palathurai Series,27,517,Horsegram
Chettipalayam,237.56,17.76,608.17,0.46,7.32,Palathurai Series,32,537,Horsegram
Chinnavedampatti,258.98,15.02,587.83,0.37,7.34,Peelamedu Series,32,677,Horsegram
Kuppepalayam,223.05,14.59,591.88,0.22,8.54,Vellalur Series,23,533,Tomato
Naranapuram,225,14,590,0.27,8.5,Vellalur Series,22,513,Tomato
Pilliappampalayam,224.56,14.22,590.12,0.22,8.88,Vellalur Series,22,471,Tomato
Vadavalli,226.33,16.07,585.47,0.26,8.82,Vellalur Series,24,425,Tomato
Chettiakkapalayam,225.7,16.46,584.08,0.28,8.51,Palladam Series,22,513,Tomato
Devarayapuram,220.57,14.9,589.26,0.26,8.77,Palladam Series,22,535,Tomato
Govindapuram,222.12,16.93,586.43,0.27,8.78,Palladam Series,22,564,Tomato
Kakkadavu,234.1,15.33,596.46,0.27,8.79,Palladam Series,23,548,Tomato
Kinathukadavu,225.19,14.41,591.56,0.3,8.77,Palladam Series,21,457,Tomato
Kothavadi,233.51,16.11,595.8,0.26,8.74,Palladam Series,24,595,Tomato
Krishnarayapuram,220.34,15.92,580.72,0.27,8.69,Palladam Series,21,436,Tomato
Kuthiraialampalayam,227.45,16.41,580.24,0.25,8.81,Palladam Series,21,520,Tomato
Mettupalayam,225.59,14.55,593.6,0.27,8.72,Palladam Series,21,407,Tomato
Mullipadi,234.01,16.22,595.44,0.26,8.55,Palladam Series,23,582,Tomato
Muthur,225.5,16.48,591.38,0.25,8.9,Palladam Series,22,431,Tomato
Pottiyandiporambu,236.01,16.87,593.09,0.28,8.75,Palladam Series,21,549,Tomato
Sankarayapuram,241.54,14.77,592.79,0.29,8.67,Palladam Series,22,469,Tomato
Sholanur,222.12,14.49,588.92,0.28,8.88,Palladam Series,22,532,Tomato
Sokkanur,224.87,16.2,598.17,0.29,8.56,Irugur Series,21,459,Tomato
Solavampalayam,221.27,14.31,594.94,0.29,8.89,Palladam Series,22,417,Tomato
Sulakkal,220.16,15.85,582.9,0.25,8.99,Palladam Series,23,489,Tomato
Vadaputhur,221.92,14.16,581.09,0.29,8.87,Palladam Series,24,427,Tomato
Vadasithur,224.65,14.41,588.94,0.28,8.71,Irugur Series,22,531,Tomato
Vaguthampalayam,220.77,15.28,584.51,0.28,8.62,Palladam Series,24,468,Tomato
Varadanur,256.04,14.69,588.38,0.29,8.55,Palladam Series,23,403,Tomato
Chettipalayam,222.24,16.2,522.05,0.29,8.63,Pichanur Series,23,559,Tomato
Nachipalayam,227.3,15.25,529.64,0.28,8.83,Pichanur Series,23,468,Tomato
Thirumalaiyampalayam,235.02,14.82,536.65,0.27,8.98,Pichanur Series,23,519,Tomato
NSN Palayam,223.15,15.59,562.86,0.26,9.02,Pichanur Series,23,435,Tomato
Devambadi,222.09,14.69,590.17,0.25,8.84,Irugur Series,21,542,Tomato
Gollapatti,220.34,16.98,590.94,0.25,8.56,Dasarapatti Series,23,404,Tomato
Kabulipalayam,226.04,16.74,603.12,0.25,8.58,Irugur Series,23,464,Tomato
Kullichettipalayam,227.97,16.76,605.07,0.25,8.7,Irugur Series,23,486,Tomato
Nallathukuli,221.8,16.84,609.15,0.29,8.85,Irugur Series,21,444,Tomato
Periyanegamam,239.1,14.1,605.61,0.26,8.62,Irugur Series,22,554,Tomato
Poosanaickendhali,223.41,14.61,602.86,0.27,8.82,Irugur Series,24,579,Tomato
R. Ponnapuram,227.52,14.35,602.23,0.28,8.66,Irugur Series,23,415,Tomato
Servaikaranpalayam,220.42,14.28,601.34,0.27,8.79,Irugur Series,22,583,Tomato
T.Kottampatti,239.71,14.99,689.06,0.25,8.66,Irugur Series,22,413,Tomato
Thalakkarai,220.04,14.11,700.96,0.26,8.64,Irugur Series,24,434,Tomato
Z.Muthur,223.58,14.4,702.79,0.26,8.8,Irugur Series,24,443,Tomato
Gomangalam,224.49,15.24,719.22,0.28,8.65,Dasarapatti Series,21,564,Tomato
Gomangalampudur,225.2,14.42,721.08,0.27,8.84,Dasarapatti Series,24,585,Tomato
Kolarpatti,226.7,16.53,728.8,0.29,8.98,Irugur Series,23,460,Tomato
Singanallur,237.58,16.18,749.45,0.27,8.75,Palladam Series,24,415,Tomato
Sinjuvadi,225.2,15.19,751.65,0.28,8.83,Dasarapatti Series,22,564,Tomato
Veeralpatti,224.33,15.08,793.6,0.26,9.3,Irugur Series,23,460,Tomato
Andipalayam,220.97,15.85,793.73,0.28,9.33,Anamalai Series,23,540,Tomato
Arasampalayam,221.24,15.42,832.66,0.29,9.02,Palladam Series,21,567,Tomato
Devanampalayam,221.21,14.04,841.8,0.26,9.12,Palladam Series,21,457,Tomato
Arisipalayam,224.63,14.6,840.93,0.27,9.02,Pichanur Series,23,596,Tomato
Ettimadai,223.34,14.71,841.67,0.28,9.01,Pichanur Series,22,408,Tomato
A.Mettupalayam,174.32,15.45,722.72,0.35,7.66,Peelamedu Series,27,1510,Turmeric
Allapalayam,172.4,16.31,728.21,0.47,7.53,Peelamedu Series,20,2067,Turmeric
Annur,173.82,14.79,725.29,0.33,7.58,Peelamedu Series,25,1978,Turmeric
Kanjapalli,172.59,16.46,725.02,0.54,8.01,Peelamedu Series,27,1856,Turmeric
Odderpalayam,173.08,15.71,728.3,0.77,7.79,Peelamedu Series,29,1600,Turmeric
Pilliappampalayam,172.36,16.79,728.86,0.68,7.89,Peelamedu Series,21,2224,Turmeric
Pogalur,170.56,16.21,725.14,0.87,7.7,Peelamedu Series,30,1630,Turmeric
Anupar Palayam,172.52,15.35,722.23,0.65,7.94,Palathurai Series,27,1563,Turmeric
Alandurai,174.42,16.28,725.34,0.77,7.96,Palathurai Series,20,2072,Turmeric
Devarayapuram,172.78,15.99,725.97,0.85,7.79,Palathurai Series,30,2138,Turmeric
Madampatti,170.74,16.73,721.85,0.37,7.62,Palathurai Series,27,2004,Turmeric
Madavarayapuram,171.47,14.6,724.98,0.48,7.72,Palathurai Series,25,2032,Turmeric
Thennamanallur,173.89,14.1,726.57,0.37,7.68,Palathurai Series,26,1848,Turmeric
Vendapatti,172.35,16.84,724.75,0.39,7.76,Palathurai Series,20,1565,Turmeric
Vellimalaipattinam,172.22,15.43,726.65,0.75,7.78,Palathurai Series,23,1662,Turmeric
Aatupollachi,200.82,13.61,391.51,0.36,7.11,Irugur Series,27,1200,Coconut
Anamalai,218.41,12.63,470.6,0.27,7.07,Irugur Series,26,1500,Coconut
Angalakuruchi,219.98,12.76,574.79,0.38,7.52,Irugur Series,30,1550,Coconut
Jallipatti,206.26,16.08,645.27,0.35,7.17,Irugur Series,29,1350,Coconut
Kaliapuram,186.96,14.23,512.23,0.29,7.17,Irugur Series,28,1300,Coconut
Kambalapatti,176.94,14.53,486.72,0.21,7.39,Irugur Series,25,1250,Coconut
Karianchettipalayam,212.08,14.27,555.41,0.38,7.47,Irugur Series,30,1365,Coconut
Kottur,175.89,15.13,448.67,0.18,7.48,Irugur Series,28,1530,Coconut
Marchinaickanpalayam,211.23,14.11,618.83,0.31,7.49,Irugur Series,27,1569,Coconut
Odayakulam,213.04,13.52,647.49,0.29,7.33,Irugur Series,26,1220,Coconut
Periyapothu,169.66,13.96,513.38,0.18,7.43,Irugur Series,25,1220,Coconut
Thencithur,206.31,14.39,584.96,0.4,7.34,Irugur Series,29,1609,Coconut
Thensangampalayam,185.31,14.57,546.31,0.27,7.51,Irugur Series,28,1580,Coconut
Thuraiyur,211.68,13.8,535.41,0.36,7.42,Irugur Series,26,1567,Coconut
Vettakaranpudur,215.81,12.93,635,0.49,7.17,Irugur Series,27,1250,Coconut
Vadavalli,192.7,16.06,439.08,0.28,7.51,Irugur Series,28,1750,Coconut
Chikkarampalayam,208.36,15.96,635.27,0.45,7.4,Irugur Series,26,1235,Coconut
Jadayampalayam,181.57,13.47,557.21,0.2,7.25,Irugur Series,26,1140,Coconut
Kalampalayam,167.41,14.09,598.56,0.31,7.5,Irugur Series,26,1845,Coconut
Karamadai,185.88,14.67,650.08,0.39,7.45,Irugur Series,25,1230,Coconut
Kemmarampalayam,198.99,12.77,406.69,0.43,7.27,Irugur Series,25,1245,Coconut
Maradur,214.36,16.03,581.29,0.45,7.44,Irugur Series,27,1455,Coconut
Sirumugai,184.8,15.05,645.9,0.41,7.45,Irugur Series,25,1570,Coconut
Thekkampatti,212.21,16.1,355.03,0.26,7.49,Irugur Series,26,1400,Coconut
Tholampalayam,198.01,15.39,639.36,0.34,7.51,Irugur Series,26,1570,Coconut
Velliangadu,174.49,13.76,440.98,0.19,7.42,Irugur Series,27,1670,Coconut
Andipalayam,164.99,13.22,365.44,0.21,7.45,Irugur Series,28,1235,Coconut
Arasampalayam,212.15,15.59,562.86,0.32,7.49,Palladam Series,25,1705,Coconut
Chettiakkapalayam,169.45,15.41,447.24,0.22,7.31,Irugur Series,28,1630,Coconut
Devanampalayam,177.91,14.04,641.8,0.35,7.31,Irugur Series,29,1200,Coconut
Devarayapuram,185.8,15.84,599.15,0.29,7.25,Irugur Series,30,1360,Coconut
Govindapuram,188.09,12.96,590.17,0.28,7.46,Irugur Series,30,1550,Coconut
Kakkadavu,205.2,15.19,551.65,0.33,7.13,Irugur Series,28,1670,Coconut
Kaniyalampalayam,192.11,15.18,446.01,0.23,7.18,Irugur Series,28,1780,Coconut
Kattampatti,197.22,13.14,594.94,0.3,7.28,Irugur Series,28,1365,Coconut
Kinathukadavu,176.34,15.98,590.94,0.25,7.46,Irugur Series,30,1460,Coconut
Kodangipalayam,209.18,13.05,633.59,0.34,7.52,Irugur Series,25,1680,Coconut
Kondampatty,211.47,13.19,460.15,0.26,7.51,Irugur Series,28,1895,Coconut
Kothavadi,165,14,404,0.27,7.5,Irugur Series,26,1680,Coconut
Krishnarayapuram,174.12,12.82,536.65,0.26,7.1,Irugur Series,28,1580,Coconut
Kurunellipalayam,178.97,16.14,559.17,0.28,7.21,Irugur Series,25,1675,Coconut
Kuthiraialampalayam,173.51,16.11,385.8,0.26,7.14,Irugur Series,28,1788,Coconut
Mettupalayam,163.06,13.69,469.7,0.2,7.46,Irugur Series,28,1455,Coconut
Mullipadi,165.05,15.59,479.88,0.22,7.52,Irugur Series,28,1678,Coconut
Muthur,171.27,13.31,490.94,0.24,7.3,Irugur Series,30,1680,Coconut
Nallattipalayam,203.21,13.93,593.83,0.28,7.36,Irugur Series,30,1787,Coconut
Panappati,165.47,12.99,445.97,0.21,7.37,Irugur Series,26,1458,Coconut
Periakalandai,172.58,12.87,394.16,0.22,7.52,Irugur Series,26,1885,Coconut
Pottiyandiporambu,165.56,14.22,421.12,0.22,7.53,Irugur Series,25,1655,Coconut
Sankarayapuram,203.41,13.61,569.86,0.33,7.32,Irugur Series,30,1858,Coconut
Sholanur,216.97,15.85,593.73,0.21,7.33,Irugur Series,29,1980,Coconut
Sirukkalandai,168.07,13.19,443.01,0.46,7.46,Irugur Series,29,1985,Coconut
Sokkanur,166.01,15.87,373.09,0.32,7.35,Irugur Series,30,1677,Coconut
Solavampalayam,181.87,16.1,438.17,0.23,7.19,Irugur Series,30,1785,Coconut
Sulakkal,175.31,15.33,466.46,0.24,7.29,Irugur Series,26,1789,Coconut
Vadaputhur,168.34,15.92,436.72,0.27,7.39,Irugur Series,28,1450,Coconut
Vadasithur,175.59,13.55,383.6,0.28,7.12,Irugur Series,25,1650,Coconut
Vaguthampalayam,170.57,12.9,450.26,0.22,7.47,Irugur Series,27,1764,Coconut
Varadanur,211.24,15.42,632.66,0.22,7.48,Irugur Series,28,1982,Coconut
Arisipalayam,195.04,16.74,593.12,0.25,7.5,Peelamedu Series,26,1560,Coconut
Chettipalayam,161.5,15.48,371.38,0.24,7.2,Peelamedu Series,25,1655,Coconut
Ettimadai,214.7,16.53,528.8,0.48,7.48,Peelamedu Series,30,1780,Coconut
Chinnathadagam,199.38,12.93,578.31,0.5,7.18,Palathurai Series,29,1750,Coconut
Gudalur North,188.9,13.15,594.86,0.36,7.46,Palathurai Series,25,1855,Coconut
Kavundampalayam,207.17,13.99,512.4,0.29,7.19,Palathurai Series,26,1698,Coconut
Karudampalayam,203.62,13.72,556.47,0.41,7.46,Palathurai Series,26,1560,Coconut
Naickenpalayam,219.69,13.15,487.03,0.34,7.52,Palathurai Series,27,1780,Coconut
NSN Palayam,217.58,16.18,449.45,0.41,7.15,Palathurai Series,25,1450,Coconut
Pannimadai,208.2,12.89,528.37,0.29,7.43,Palathurai Series,29,1690,Coconut
Puliyakulam,173.37,13.24,577.32,0.31,7.44,Palathurai Series,25,1755,Coconut
Somayampalayam,212.09,14.83,569.54,0.46,7.51,Palathurai Series,30,1658,Coconut
Telungupalayam,176.82,12.85,546.82,0.3,7.48,Palathurai Series,30,1785,Coconut
Thudiyalur,202.88,13.35,527.3,0.39,7.48,Palathurai Series,28,1635,Coconut
Veerakeralam,181.58,13.01,617.84,0.3,7.34,Palathurai Series,29,1563,Coconut
Achipatti,214.24,15.17,579.84,0.2,7.32,Irugur Series,28,1879,Coconut
Anupparpalayam,208.57,16.07,538.62,0.26,7.12,Irugur Series,29,1964,Coconut
Avaleppampatti,207.28,14.73,564.32,0.26,7.36,Dasarapatti Series,30,1568,Coconut
Ayyampalayam,207.56,16.02,579.74,0.46,7.11,Irugur Series,28,1765,Coconut
Bodipalayam,209.38,15.82,589.32,0.31,7.51,Irugur Series,29,1560,Coconut
Boligoundenpalayam,163.41,13.94,378.15,0.39,7.16,Irugur Series,30,1870,Coconut
Chinnanegamam,198.98,16.03,498,0.3,7.23,Irugur Series,28,1970,Coconut
Devambadi,189.58,14.4,602.79,0.36,7.3,Irugur Series,26,1790,Coconut
Eripatti,174.13,16.02,554.57,0.46,7.12,Irugur Series,26,1890,Coconut
Gollapatti,178.92,15.2,522.05,0.45,7.13,Dasarapatti Series,28,1975,Coconut
Kabulipalayam,209.97,15.76,595.07,0.25,7.5,Irugur Series,28,1450,Coconut
Kallipatti,172.27,13.39,485.89,0.25,7.37,Dasarapatti Series,26,1682,Coconut
Kondegoundenpalayam,189.45,15.25,597.72,0.27,7.19,Dasarapatti Series,29,1588,Coconut
Kulathur,210.07,16.03,395.43,0.43,7.44,Irugur Series,29,1685,Coconut
Kullakkapalayam,187.38,16,491.63,0.32,7.47,Irugur Series,28,1788,Coconut
Kullichettipalayam,206.33,16.07,424.47,0.25,7.32,Irugur Series,30,1690,Coconut
Kurumbapalayam,179.55,15.2,418.66,0.28,7.16,Irugur Series,26,1785,Coconut
Manur,160.95,14.46,476.98,0.43,7.33,Irugur Series,27,1875,Coconut
Mulanur,183.32,15.24,539.05,0.39,7.14,Dasarapatti Series,29,1680,Coconut
Chandrapuram,193.46,14.03,517.67,0.43,7.44,Irugur Series,29,1795,Coconut
N.Kumarapalayam,203.22,15.33,524.14,0.29,7.34,Irugur Series,26,1875,Coconut
Nallathukuli,212.19,14.41,391.56,0.3,7.37,Irugur Series,28,1466,Coconut
Okkilipalayam,203.41,15.72,579.68,0.38,7.45,Irugur Series,26,1905,Coconut
Periyanegamam,200.77,15.28,514.51,0.28,7.12,Irugur Series,26,1875,Coconut
Pollachi,172.21,14.04,398.55,0.3,7.51,Irugur Series,27,1566,Coconut
Poosanaickendhali,202.12,15.93,464.43,0.24,7.48,Irugur Series,27,1758,Coconut
Poosaripatti,200.27,15.69,594.54,0.4,7.51,Dasarapatti Series,25,1650,Coconut
Puliyampatti,215.45,15.2,413.95,0.39,7.5,Irugur Series,26,1785,Coconut
R. Ponnapuram,211.54,13.77,402.79,0.49,7.37,Irugur Series,29,1632,Coconut
Ramapattinam,188.89,13.87,392.21,0.29,7.16,Irugur Series,26,1759,Coconut
Rasakkapalayam,212.98,14.7,388.51,0.29,7.52,Irugur Series,30,2105,Coconut
Rasichettipalayam,180.98,13.68,502.87,0.48,7.44,Irugur Series,30,2005,Coconut
Sangampalayam,185.12,15.13,491.59,0.31,7.42,Irugur Series,30,1680,Coconut
Santhegoundanpalayam,191.36,14.69,471,0.3,7.23,Irugur Series,25,1786,Coconut
Servaikaranpalayam,210.04,14.11,600.96,0.24,7.44,Irugur Series,27,1145,Coconut
T.Kottampatti,169.65,14.41,508.94,0.21,7.11,Irugur Series,30,985,Coconut
Thalakkarai,191.49,15.24,609.22,0.41,7.45,Irugur Series,28,1124,Coconut
Thimmanguthu,175.85,13.68,486.41,0.28,7.51,Irugur Series,30,1685,Coconut
Thippampatti,196.55,14.56,519.35,0.25,7.41,Irugur Series,28,1789,Coconut
Vadakkipayalam,211.03,14.91,537.03,0.43,7.53,Irugur Series,29,2245,Coconut
Z.Muthur,203.34,14.71,597.47,0.44,7.36,Irugur Series,25,1855,Coconut
Ambarampalayam,188.41,12.85,615,0.28,7.38,Irugur Series,25,1685,Coconut
Chinnampalayam,187.93,13.46,591.56,0.25,7.47,Irugur Series,29,1785,Coconut
Gomangalam,178.93,15.08,593.6,0.25,7.53,Dasarapatti Series,26,1965,Coconut
Kolarpatti,167.92,14.16,494.09,0.29,7.54,Irugur Series,29,1760,Coconut
Makkinampatti,190.25,14.23,439.68,0.23,7.32,Irugur Series,27,1456,Coconut
Naickenpalayam,208.76,15.91,446.81,0.25,7.35,Palladam Series,28,1285,Coconut
Nallampalli,166.66,14.7,480.81,0.23,7.46,Irugur Series,25,1976,Coconut
Nathukkalpalayam,173.76,15.72,536.11,0.25,7.36,Irugur Series,26,1462,Coconut
Palayur,170.55,14.35,611.29,0.35,7.12,Irugur Series,25,1367,Coconut
S. Malayandipatnam,214.21,14.68,560.91,0.33,7.31,Irugur Series,27,996,Coconut
S. Ponnapuram,210.52,15.73,624.25,0.46,7.47,Irugur Series,29,1356,Coconut
S. Nallur,179.06,13.8,605.91,0.33,7.12,Irugur Series,30,1278,Coconut
Seelakkampatti,163.2,13.91,429.86,0.28,7.12,Irugur Series,27,1100,Coconut
Singanallur,169.16,15.85,485.9,0.24,7.49,Irugur Series,27,995,Coconut
Sinjuvadi,185.2,13.42,421.08,0.37,7.48,Irugur Series,25,1065,Coconut
Solapalayam,218.2,13.68,586.73,0.27,7.21,Irugur Series,25,1140,Coconut
Suleeswaranpatti,191.52,15.68,415.97,0.29,7.38,Irugur Series,26,1178,Coconut
Kondayampalayam,176.2,16.04,589.93,0.46,7.44,Palathurai Series,30,1165,Coconut
Saravanampatti,212.45,14.81,607.68,0.4,7.12,Palathurai Series,27,1986,Coconut
Sarkarsamaklam,201.27,15.63,577.12,0.46,7.44,Palathurai Series,30,1658,Coconut
Appanaickenpatti,182.4,15.44,569.54,0.39,7.38,Dasarapatti Series,28,1436,Coconut
Bogampatti,187.56,14.76,608.17,0.46,7.32,Dasarapatti Series,26,1325,Coconut
Edayarpalayam,174.64,15.55,614.9,0.46,7.5,Dasarapatti Series,29,1390,Coconut
J. Krishnapuram,214.02,15.93,558.09,0.46,7.37,Dasarapatti Series,26,1890,Coconut
Pappampatti,210.39,15.73,618.2,0.43,7.4,Dasarapatti Series,25,1560,Coconut
Poorandampalayam,204.79,15.09,575.69,0.38,7.18,Dasarapatti Series,29,1350,Coconut
S. Ayyampalayam,169.47,13.15,575.44,0.22,7.21,Dasarapatti Series,26,1780,Coconut
Selekkarichal,208,13.89,610.88,0.48,7.38,Dasarapatti Series,30,1465,Coconut
Senjeriputhur,215.77,16,558.3,0.41,7.15,Dasarapatti Series,26,1864,Coconut
Thalakkarai,213.16,15.96,591.08,0.51,7.41,Dasarapatti Series,29,1745,Coconut
Vadavedampatti,194.32,15.85,629.58,0.3,7.35,Dasarapatti Series,25,1698,Coconut
Varapatti,211.92,13.15,615.27,0.46,7.53,Dasarapatti Series,29,1456,Coconut
Arasur,189.37,13.89,519.87,0.31,7.47,Irugur Series,27,1236,Coconut
Irugur,170.1,13.17,386.03,0.23,7.24,Irugur Series,29,2395,Coconut
K.Madappur,188.56,13.58,546.8,0.43,7.21,Irugur Series,27,1458,Coconut
Karumathamampatti,179.17,14.48,441.1,0.36,7.46,Irugur Series,30,1762,Coconut
Kittampalayam,176.83,13.11,594.45,0.28,7.15,Irugur Series,27,1756,Coconut
Moppripalayam,190.59,15.22,537.56,0.34,7.23,Irugur Series,28,1235,Coconut
Mylampatti,177.27,13.19,561.03,0.38,7.25,Irugur Series,25,1865,Coconut
Nellambur,201.22,14.37,598.87,0.33,7.13,Irugur Series,29,1754,Coconut
Otterpalayam,165.56,13.3,495.12,0.46,7.35,Irugur Series,27,1448,Coconut
Pathuvampalli,161.71,13.01,366.29,0.23,7.36,Irugur Series,27,1690,Coconut
Pattanam,181.53,12.96,411.75,0.37,7.32,Irugur Series,30,1570,Coconut
Peedampalli,178.41,12.87,414.01,0.25,7.43,Irugur Series,25,1485,Coconut
Rasipalayam,160.76,15.51,538.61,0.35,7.51,Irugur Series,25,1650,Coconut
Semmandampalayam,162.89,13.59,519.94,0.48,7.51,Irugur Series,30,1894,Coconut
Alandurai,172.78,15.99,489.97,0.26,7.26,Palathurai Series,28,1175,Coconut
Devarayapuram,208.35,13.84,605.75,0.39,7.39,Palathurai Series,30,1695,Coconut
Ikkaraibooluvampatti,197.77,14.07,602.91,0.25,7.52,Palathurai Series,27,1476,Coconut
Vendapatti,166.74,13.73,501.85,0.37,7.16,Palathurai Series,28,1695,Coconut
Pethanaickenur,195.72,12.88,577.84,0.4,7.47,Irugur Series,26,1650,Coconut
Pilchinnampalayam,209.11,13.07,374.88,0.28,7.21,Irugur Series,30,1850,Coconut
Somandurai,217.43,13.84,523.72,0.27,7.49,Irugur Series,29,1760,Coconut
Bellathi,188.5,13.57,564.45,0.47,7.4,Irugur Series,25,1550,Coconut
Bellapalayam,195.51,15.89,577.46,0.48,7.19,Irugur Series,25,2110,Coconut
Chikkadasampalayam,188.98,13.02,587.83,0.21,7.34,Irugur Series,29,1100,Coconut
Anupar Palayam,168.56,15.21,548.14,0.37,7.44,Palathurai Series,30,1540,Coconut
Bilichi East,185.4,12.97,551.4,0.33,7.35,Palathurai Series,30,1784,Coconut
Bilichi West,211.77,13.47,442.58,0.26,7.2,Palathurai Series,28,1688,Coconut
Gomangalampudur,179.1,14.1,603.61,0.41,7.26,Irugur Series,28,1365,Coconut
Kanjampatti,266.98,15.35,421.21,0.29,7.46,Irugur Series,29,1982,Coconut
Koolanaickenpatti,167.87,14.36,583.06,0.36,7.18,Irugur Series,29,1745,Coconut
Samathur,199.57,14.67,614.76,0.26,7.11,Irugur Series,29,1145,Coconut
Thenkumarapalayam,170.79,13.53,475.51,0.26,7.43,Irugur Series,27,1658,Coconut
Unjavelampatti,166.75,16.14,383.81,0.29,7.13,Irugur Series,27,1175,Coconut
Veeralpatti,163.3,15.25,529.64,0.28,7.33,Irugur Series,28,1654,Coconut
Vekkampalayam,187.13,15.33,436.88,0.21,7.44,Irugur Series,25,1745,Coconut
Z. Kottampatti,175.04,14.7,468.31,0.19,7.18,Irugur Series,25,1985,Coconut
Z. Uthukuli,169.27,12.9,546.33,0.26,7.47,Irugur Series,27,1555,Coconut
Idikarai,209.93,15.88,607.06,0.41,7.53,Palathurai Series,26,1646,Coconut
Sulur,186.87,13.09,594.4,0.45,7.15,Irugur Series,29,998,Coconut
